Price,Close,High,Low,Open,Volume,Index,Return_1D,Return_5D,Return_20D,Volatility_20D
01-01-2020,12182.5,12222.2002,12165.2998,12202.15039,304100,NIFTY_50,,,,
02-01-2020,12282.2002,12289.90039,12195.25,12198.5498,407700,NIFTY_50,0.008183886,,,
03-01-2020,12226.65039,12265.59961,12191.34961,12261.09961,428800,NIFTY_50,-0.004522789,,,
06-01-2020,11993.0498,12179.09961,11974.2002,12170.59961,396500,NIFTY_50,-0.019105853,,,
07-01-2020,12052.9502,12152.15039,12005.34961,12079.09961,447800,NIFTY_50,0.004994592,,,
08-01-2020,12025.34961,12044.9502,11929.59961,11939.09961,446000,NIFTY_50,-0.002289944,-0.012899683,,
09-01-2020,12215.90039,12224.0498,12132.5498,12153.15039,477500,NIFTY_50,0.015845758122611686,-0.00539804,,
10-01-2020,12256.7998,12311.2002,12213.2002,12271,660600,NIFTY_50,0.003348047,0.002465877,,
13-01-2020,12329.5498,12337.75,12285.7998,12296.7002,501000,NIFTY_50,0.005935481,0.028057917333794258,,
14-01-2020,12362.2998,12374.25,12308.7002,12333.09961,616300,NIFTY_50,0.00265622,0.025665882988159083,,
15-01-2020,12343.2998,12355.15039,12278.75,12349.40039,684400,NIFTY_50,-0.001536931,0.026439995978547293,,
16-01-2020,12355.5,12389.0498,12315.7998,12347.09961,395700,NIFTY_50,0.000988406,0.011427697092400546,,
17-01-2020,12352.34961,12385.4502,12321.40039,12328.40039,502100,NIFTY_50,-0.000254979,0.007795657,,
20-01-2020,12224.5498,12430.5,12216.90039,12430.5,491600,NIFTY_50,-0.010346194,-0.008516126,,
21-01-2020,12169.84961,12230.0498,12162.2998,12195.2998,400,NIFTY_50,-0.004474618,-0.015567508,,
22-01-2020,12106.90039,12225.0498,12087.90039,12218.34961,500,NIFTY_50,-0.005172555,-0.019152043,,
23-01-2020,12180.34961,12189,12094.09961,12123.75,867700,NIFTY_50,0.006066724,-0.014175905,,
24-01-2020,12248.25,12272.15039,12149.65039,12174.5498,593200,NIFTY_50,0.005574585,-0.008427515,,
27-01-2020,12119,12216.59961,12107,12197.09961,441200,NIFTY_50,-0.010552528,-0.008634249,,
28-01-2020,12055.7998,12163.5498,12024.5,12148.09961,478500,NIFTY_50,-0.005214968,-0.009371505,,
29-01-2020,12129.5,12169.59961,12103.7998,12114.90039,514400,NIFTY_50,0.006113256,0.001866672,-0.004350503,0.007905892
30-01-2020,12035.7998,12150.2998,12010.59961,12147.75,538100,NIFTY_50,-0.007724984,-0.011867459,-0.020061584,0.007819058
31-01-2020,11962.09961,12103.5498,11945.84961,12100.40039,771300,NIFTY_50,-0.006123415,-0.023362553,-0.021637225,0.007865244
03-02-2020,11707.90039,11749.84961,11614.5,11627.4502,669800,NIFTY_50,-0.021250385,-0.033921909,-0.023776222,0.008134178
04-02-2020,11979.65039,11986.15039,11783.40039,11786.25,560400,NIFTY_50,0.023210823,-0.006316413,-0.006081482,0.009725161
05-02-2020,12089.15039,12098.15039,11953.34961,12005.84961,758000,NIFTY_50,0.0091405,-0.003326568,0.005305524,0.009933238
06-02-2020,12137.9502,12160.59961,12084.65039,12120,565100,NIFTY_50,0.004036661,0.008487213,-0.006381044,0.00929149
07-02-2020,12098.34961,12154.7002,12073.9502,12151.15039,473500,NIFTY_50,-0.003262543,0.011390141,-0.012927534,0.009273233
10-02-2020,12031.5,12103.5498,11990.75,12102.34961,524700,NIFTY_50,-0.005525515,0.027639422832305582,-0.024173616,0.009201331
11-02-2020,12107.90039,12172.2998,12099,12108.40039,480000,NIFTY_50,0.00635003,0.010705654657531927,-0.020578648,0.009318762
12-02-2020,12201.2002,12231.75,12144.2998,12151,411700,NIFTY_50,0.007705696,0.009268625,-0.011512287,0.009517681
13-02-2020,12174.65039,12225.65039,12139.7998,12219.5498,501200,NIFTY_50,-0.002175999,0.003023591,-0.014637174,0.009517311
14-02-2020,12113.4502,12246.7002,12091.2002,12190.15039,622800,NIFTY_50,-0.005026854,0.001248153,-0.019340403,0.009565418
17-02-2020,12045.7998,12159.59961,12037,12131.7998,0,NIFTY_50,-0.005584733,0.00118853,-0.014622215,0.009376174
18-02-2020,11992.5,12030.75,11908.0498,12028.25,676900,NIFTY_50,-0.004424763,-0.009530999,-0.014572868,0.009375123
19-02-2020,12125.90039,12134.7002,12042.09961,12090.59961,513600,NIFTY_50,0.011123651500938081,-0.006171508,0.001569353,0.009668787
20-02-2020,12080.84961,12152,12071.4502,12119,502600,NIFTY_50,-0.003715252,-0.007704598,-0.008168895,0.009599448
24-02-2020,11829.40039,12012.5498,11813.40039,12012.5498,490800,NIFTY_50,-0.020813869,-0.023449125,-0.03419669,0.010510216
25-02-2020,11797.90039,11883.0498,11779.90039,11877.5,461000,NIFTY_50,-0.002662857,-0.020579739,-0.026495553,0.010305978990686394
26-02-2020,11678.5,11783.25,11639.59961,11738.5498,567600,NIFTY_50,-0.010120478,-0.026183031,-0.031296124,0.010461476
27-02-2020,11633.2998,11663.84961,11536.7002,11661.25,608600,NIFTY_50,-0.003870377,-0.040623836,-0.040908545,0.010314401375883762
28-02-2020,11201.75,11384.7998,11175.0498,11382,809900,NIFTY_50,-0.037096079,-0.072768029,-0.069297414,0.012927078543820006
02-03-2020,11132.75,11433,11036.25,11387.34961,680800,NIFTY_50,-0.006159752,-0.058891437,-0.069331442,0.012927468573221065
03-03-2020,11303.2998,11342.25,11152.5498,11217.5498,696500,NIFTY_50,0.015319647408546855,-0.041922763,-0.034557912,0.012871736753802463
04-03-2020,11251,11356.59961,11082.15039,11351.34961,797700,NIFTY_50,-0.00462695,-0.036605728,-0.060824011,0.011467272
05-03-2020,11269,11389.5,11244.59961,11306.0498,1352500,NIFTY_50,0.001599858,-0.03131526,-0.067841855,0.011164662811458616
06-03-2020,10989.4502,11035.09961,10827.40039,10942.65039,1811000,NIFTY_50,-0.024806975,-0.018952378,-0.094620589,0.011980284853622727
09-03-2020,10451.4502,10751.5498,10294.4502,10742.0498,1565500,NIFTY_50,-0.048956043,-0.0611978,-0.136125957,0.015495174674867739
11-03-2020,10458.40039,10545.09961,10334,10334.2998,1218500,NIFTY_50,0.000664998,-0.074748032,-0.13074842,0.015591355439199686
12-03-2020,9590.150391,10040.75,9508,10039.9502,1343500,NIFTY_50,-0.083019388,-0.147617955,-0.207942741,0.022762424
13-03-2020,9955.200195,10159.40039,8555.150391,9107.599609,1388000,NIFTY_50,0.038065076,-0.116585305,-0.184080251,0.025001055928564293
16-03-2020,9197.400391,9602.200195,9165.099609,9587.799805,897700,NIFTY_50,-0.076121001,-0.163070015,-0.24454501,0.028965348
17-03-2020,8967.049805,9403.799805,8915.599609,9285.400391,935600,NIFTY_50,-0.025045184,-0.142028174,-0.259744362,0.02900257
18-03-2020,8468.799805,9127.549805,8407.049805,9088.450195,1516600,NIFTY_50,-0.05556454,-0.190239474,-0.296949979,0.030316311246758654
19-03-2020,8263.450195,8575.450195,7832.549805,8063.299805,925700,NIFTY_50,-0.024247782,-0.138339874,-0.310948493,0.030206992
20-03-2020,8745.450195,8883,8178.200195,8284.450195,1071500,NIFTY_50,0.058329146858465686,-0.121519405,-0.278779314,0.034184923360535364
23-03-2020,7610.25,8159.25,7583.600098,7945.700195,653500,NIFTY_50,-0.129804661,-0.172565108,-0.370056722,0.042488024
24-03-2020,7801.049805,8036.950195,7511.100098,7848.299805,738400,NIFTY_50,0.025071424,-0.130031619,-0.340537175,0.043771881
25-03-2020,8317.849609,8376.75,7714.75,7735.149902,736900,NIFTY_50,0.066247469,-0.017824272,-0.294972043,0.047714232596260064
26-03-2020,8641.450195,8749.049805,8304.900391,8451,865600,NIFTY_50,0.038904356430389475,0.045743604797717996,-0.260054785,0.04927707
27-03-2020,8660.25,9038.900391,8522.900391,8949.099609,801500,NIFTY_50,0.002175538,-0.009742231,-0.255563757,0.049359382
30-03-2020,8281.099609,8576,8244,8385.950195,593300,NIFTY_50,-0.043780536,0.088150798,-0.260731617,0.049550158
31-03-2020,8597.75,8678.299805,8358,8529.349609,712700,NIFTY_50,0.038237723,0.10212730533187697,-0.227706542,0.050886382
01-04-2020,8253.799805,8588.099609,8198.349609,8584.099609,506300,NIFTY_50,-0.040004675,-0.007700284,-0.269788474,0.050851551439109466
03-04-2020,8083.799805,8356.549805,8055.799805,8356.549805,697000,NIFTY_50,-0.020596574,-0.064532038,-0.281503884,0.050816472
07-04-2020,8792.200195,8819.400391,8360.950195,8446.299805,814200,NIFTY_50,0.087632105,0.015236303260587114,-0.219788784,0.055712842
08-04-2020,8748.75,9131.700195,8653.900391,8688.900391,896500,NIFTY_50,-0.004941902,0.056472016,-0.203895569,0.055627575
09-04-2020,9111.900391,9128.349609,8904.549805,8973.049805,742100,NIFTY_50,0.041508832,0.059800575,-0.128168798,0.055956349
13-04-2020,8993.849609,9112.049805,8912.400391,9103.950195,644000,NIFTY_50,-0.012955671,0.08966171,-0.14003583,0.05596263
15-04-2020,8925.299805,9261.200195,8874.099609,9196.400391,879100,NIFTY_50,-0.007621854,0.10409708557008601,-0.069326398,0.052959881
16-04-2020,8992.799805,9053.75,8821.900391,8851.25,719400,NIFTY_50,0.007562771,0.022815632596940638,-0.096673133,0.052171874
17-04-2020,9266.75,9324,9091.349609,9323.450195,684200,NIFTY_50,0.030463282,0.059208458,0.007540132,0.049779154444841114
20-04-2020,9261.849609,9390.849609,9230.799805,9390.200195,726400,NIFTY_50,-0.000528814,0.016456415492017262,0.032875896878970634,0.049389371
21-04-2020,8981.450195,9044.400391,8909.400391,9016.950195,655100,NIFTY_50,-0.030274667,-0.001378655,0.060534007,0.048123858
22-04-2020,9187.299805,9209.75,8946.25,9026.75,734400,NIFTY_50,0.022919418,0.029354756,0.11179950112110082,0.047817906
23-04-2020,9313.900391,9343.599609,9170.150391,9232.349609,666700,NIFTY_50,0.013779956,0.035706409,0.064999535,0.046286012
24-04-2020,9154.400391,9296.900391,9141.299805,9163.900391,659400,NIFTY_50,-0.017124942,-0.01212395,0.20290402951611308,0.034464509
27-04-2020,9282.299805,9377.099609,9250.349609,9259.700195,512800,NIFTY_50,0.013971358975458648,0.002208003,0.18987829036932258,0.03429517
28-04-2020,9380.900391,9404.400391,9260,9389.799805,614500,NIFTY_50,0.010622430648890235,0.044475022031628786,0.1278035587529549,0.031580031
29-04-2020,9553.349609,9599.849609,9392.349609,9408.599609,653000,NIFTY_50,0.018383013524196468,0.039843023790378185,0.105526201,0.030795308631539477
30-04-2020,9859.900391,9889.049805,9731.5,9753.5,931200,NIFTY_50,0.032088303,0.058622057,0.13852375977887466,0.031348240463701736
04-05-2020,9293.5,9533.5,9266.950195,9533.5,687500,NIFTY_50,-0.057444839,0.015194836,0.12225434282650882,0.032634957
05-05-2020,9205.599609,9450.900391,9190.75,9429.400391,725200,NIFTY_50,-0.009458266,-0.008263059,0.070698684,0.031911702
06-05-2020,9270.900391,9346.900391,9116.5,9226.799805,722200,NIFTY_50,0.007093593,-0.011725953,0.12322816278629234,0.030192838198739035
07-05-2020,9199.049805,9277.849609,9175.900391,9234.049805,708700,NIFTY_50,-0.00775012,-0.037086448,0.13796111073326034,0.029724574
08-05-2020,9251.5,9382.650391,9238.200195,9376.950195,609100,NIFTY_50,0.005701697,-0.061704517,0.052239462,0.022866853256344622
11-05-2020,9239.200195,9439.900391,9219.950195,9348.150391,704600,NIFTY_50,-0.001329493,-0.005842772,0.056059459387055366,0.022816697581889523
12-05-2020,9196.549805,9240.849609,9043.950195,9168.849609,805500,NIFTY_50,-0.004616243,-0.000983076,0.009289985,0.020974063719521055
13-05-2020,9383.549805,9584.5,9351.099609,9584.200195,846400,NIFTY_50,0.020333713,0.012150860144761522,0.043329632,0.021155614
14-05-2020,9142.75,9281.099609,9119.75,9213.950195,602600,NIFTY_50,-0.025661909,-0.006120176,0.024363349,0.021971491625335026
15-05-2020,9136.849609,9182.400391,9050,9182.400391,575900,NIFTY_50,-0.000645363,-0.012392627,0.016018349,0.021927652
18-05-2020,8823.25,9158.299805,8806.75,9158.299805,773000,NIFTY_50,-0.03432251,-0.045020152,-0.047859282,0.022134438786511338
19-05-2020,8879.099609,9030.349609,8855.299805,8961.700195,762200,NIFTY_50,0.006329823,-0.034518401,-0.041325439,0.022214893117319643
20-05-2020,9066.549805,9093.799805,8875.349609,8889.150391,622300,NIFTY_50,0.021111396826158035,-0.033782524,0.009475041,0.021722953
21-05-2020,9106.25,9178.549805,9056.099609,9079.450195,631500,NIFTY_50,0.004378754,-0.003992234,-0.00882194,0.021111801116359522
22-05-2020,9039.25,9149.599609,8968.549805,9067.900391,675800,NIFTY_50,-0.007357584,-0.010681976,-0.029488225,0.020901679
26-05-2020,9029.049805,9161.650391,8996.650391,9099.75,655000,NIFTY_50,-0.001128434,0.023324716,-0.013692932,0.020567022
27-05-2020,9314.950195,9334,9004.25,9082.200195,763500,NIFTY_50,0.031664505,0.04908725,0.003517489,0.021577277
28-05-2020,9490.099609,9511.25,9336.5,9364.950195,837900,NIFTY_50,0.018803043536468778,0.046715654,0.011640590370102455,0.021856990776987373
29-05-2020,9580.299805,9598.849609,9376.900391,9422.200195,967000,NIFTY_50,0.009504663,0.052057631262868886,0.002821021,0.021569537573251443
01-06-2020,9826.150391,9931.599609,9706.950195,9726.849609,794200,NIFTY_50,0.025662097319460564,0.087053726,-0.003422955,0.021115174177880707
02-06-2020,9979.099609,9995.599609,9824.049805,9880.849609,770200,NIFTY_50,0.015565527970742954,0.10522146020218814,0.073771949,0.016448757
03-06-2020,10061.5498,10176.2002,10035.5498,10108.2998,794700,NIFTY_50,0.008262288,0.080150682,0.092981471,0.016178053
04-06-2020,10029.09961,10123.84961,9944.25,10054.25,775100,NIFTY_50,-0.003225169,0.056796032,0.081782695,0.016258013
05-06-2020,10142.15039,10177.7998,10040.75,10093.7998,987100,NIFTY_50,0.011272276241460544,0.058646451,0.10252152189206876,0.016086000135287697
08-06-2020,10167.4502,10328.5,10120.25,10326.75,936500,NIFTY_50,0.002494521,0.034733827,0.099005588,0.016094779
09-06-2020,10046.65039,10291.15039,10021.4502,10181.15039,754200,NIFTY_50,-0.011881032,0.006769226,0.08739395,0.016476573979431676
10-06-2020,10116.15039,10148.75,10036.84961,10072.59961,632400,NIFTY_50,0.006917729,0.005426658,0.099994085,0.016348420070634008
11-06-2020,9902,10112.0498,9885.049805,10094.09961,715500,NIFTY_50,-0.021169158,-0.012673083,0.055250966,0.016911143
12-06-2020,9972.900391,9996.049805,9544.349609,9544.950195,796300,NIFTY_50,0.007160209,-0.016687783,0.090798763,0.015537604547485383
15-06-2020,9813.700195,9943.349609,9726.349609,9919.349609,716100,NIFTY_50,-0.015963279,-0.034792401,0.074079208,0.016167775
16-06-2020,9914,10046.15039,9728.5,10014.7998,899900,NIFTY_50,0.010220386061458031,-0.013203444,0.1236222480378546,0.013502023513845442
17-06-2020,9881.150391,10003.59961,9833.799805,9876.700195,685400,NIFTY_50,-0.003313457,-0.023230181,0.11285499941818244,0.013658315162944645
18-06-2020,10091.65039,10111.2002,9845.049805,9863.25,622900,NIFTY_50,0.021303187551898528,0.019152736,0.11306402192899356,0.013669952935424121
19-06-2020,10244.40039,10272.40039,10072.65039,10119,892100,NIFTY_50,0.015136275444292302,0.027223775,0.12498562971859983,0.013835862575979298
22-06-2020,10311.2002,10393.65039,10277.59961,10318.75,685400,NIFTY_50,0.006520616,0.050694436359246975,0.14071412952540308,0.013474157791837965
23-06-2020,10471,10484.7002,10301.75,10347.9502,669200,NIFTY_50,0.015497691991291696,0.056183175,0.1597012118112251,0.013479263735954997
24-06-2020,10305.2998,10553.15039,10281.9502,10529.25,854800,NIFTY_50,-0.015824677,0.042925105,0.10631829356139422,0.01318199
25-06-2020,10288.90039,10361.7998,10194.5,10235.5498,994200,NIFTY_50,-0.001591357,0.019545861416606636,0.084172012,0.012854778976762626
26-06-2020,10383,10409.84961,10311.25,10378.90039,671900,NIFTY_50,0.00914574,0.013529304214020987,0.083786542,0.012847125214484112
29-06-2020,10312.40039,10337.9502,10223.59961,10311.9502,574500,NIFTY_50,-0.006799539,0.000116397,0.049485300007612754,0.012003793325004519
30-06-2020,10302.09961,10401.0498,10267.34961,10382.59961,556200,NIFTY_50,-0.000998873,-0.016130302,0.032367649652134345,0.011619167224301128
01-07-2020,10430.0498,10447.0498,10299.59961,10323.7998,573600,NIFTY_50,0.012419817334717198,0.012105421711579467,0.036624576,0.011779620921121857
02-07-2020,10551.7002,10598.2002,10485.5498,10493.0498,597400,NIFTY_50,0.011663452514898642,0.025542069094862452,0.052108425112159074,0.011910662178286855
03-07-2020,10607.34961,10631.2998,10562.65039,10614.9502,525200,NIFTY_50,0.005273976,0.021607397609072487,0.045867908,0.011755586960329674
06-07-2020,10763.65039,10811.40039,10695.09961,10723.84961,571200,NIFTY_50,0.014735139974255018,0.043757998,0.058638123016069965,0.012079835568532826
07-07-2020,10799.65039,10813.7998,10689.7002,10802.84961,636800,NIFTY_50,0.00334459,0.048296056,0.074950354,0.011566658970319412
08-07-2020,10705.75,10847.84961,10676.5498,10818.65039,767900,NIFTY_50,-0.008694762,0.026433258,0.058283002,0.011860041856590838
09-07-2020,10813.4502,10836.84961,10733,10755.5498,618700,NIFTY_50,0.010060032721901813,0.024806428836585015,0.092047081,0.010501939106827316
10-07-2020,10768.0498,10819.40039,10713,10764.09961,590700,NIFTY_50,-0.004198511,0.015149891464920628,0.079731009,0.010654526
13-07-2020,10802.7002,10894.0498,10756.0498,10851.84961,554100,NIFTY_50,0.003217889,0.003627933,0.10077748253124685,0.009582058
14-07-2020,10607.34961,10755.65039,10562.90039,10750.84961,532400,NIFTY_50,-0.018083496,-0.017806204,0.069936414,0.010765154778394981
15-07-2020,10618.2002,10827.4502,10577.75,10701,715900,NIFTY_50,0.001022931,-0.00817783,0.074591498,0.010665165793873338
16-07-2020,10739.9502,10755.2998,10595.2002,10706.2002,694400,NIFTY_50,0.011466161662100571,-0.006797091,0.064241207,0.010015609247576648
17-07-2020,10901.7002,10933.4502,10749.65039,10752,676900,NIFTY_50,0.015060591,0.012411755,0.064161862,0.010010861500599055
20-07-2020,11022.2002,11037.90039,10953,10999.4502,554300,NIFTY_50,0.011053321760931656,0.020318993958125864,0.068954146,0.010141359
21-07-2020,11162.25,11179.5498,11113.25,11126.09961,772000,NIFTY_50,0.012706156865764484,0.052312821869712645,0.066015662,0.009983915
22-07-2020,11132.59961,11238.09961,11056.5498,11231.2002,765100,NIFTY_50,-0.002656309,0.048445066,0.080279062,0.00905042
23-07-2020,11215.4502,11239.7998,11103.15039,11135,621600,NIFTY_50,0.00744216,0.044273948328692914,0.090053336,0.008986747
24-07-2020,11194.15039,11225.40039,11090.2998,11149.9502,678900,NIFTY_50,-0.001899148,0.026826108778724933,0.078122931,0.009016428
27-07-2020,11131.7998,11225,11087.84961,11225,588100,NIFTY_50,-0.005569926,0.009943533,0.07945768,0.008944202
28-07-2020,11300.5498,11317.75,11151.40039,11154.09961,683900,NIFTY_50,0.015159274,0.012389957641828486,0.096917156,0.00920732
29-07-2020,11202.84961,11341.40039,11149.75,11276.90039,600700,NIFTY_50,-0.008645614,0.006310296,0.074093587,0.009475837
30-07-2020,11102.15039,11299.9502,11084.9502,11254.2998,677800,NIFTY_50,-0.008988715,-0.010102118,0.052166967,0.009676653
31-07-2020,11073.4502,11150.40039,11026.65039,11139.5,642600,NIFTY_50,-0.002585102,-0.010782435,0.043941286,0.009721406
03-08-2020,10891.59961,11058.0498,10882.25,11057.5498,680900,NIFTY_50,-0.016422216,-0.02157784,0.011887158548129939,0.010095754562689649
04-08-2020,11095.25,11112.25,10908.09961,10946.65039,625700,NIFTY_50,0.018697932161379383,-0.01816724,0.027371220241685368,0.010866572
05-08-2020,11101.65039,11225.65039,11064.0498,11155.75,667600,NIFTY_50,0.000576859,-0.009033346,0.036980163988977965,0.010607614300719478
06-08-2020,11200.15039,11256.7998,11127.2998,11185.7002,600400,NIFTY_50,0.008872555,0.008827119,0.035761037,0.010562591556120392
07-08-2020,11214.0498,11231.90039,11142.0498,11186.65039,452600,NIFTY_50,0.001241002,0.012697001105808736,0.041418828,0.010469318658842581
10-08-2020,11270.15039,11337.2998,11238,11270.25,492000,NIFTY_50,0.005002705,0.034756215,0.043271607,0.010487090640214044
11-08-2020,11322.5,11373.59961,11299.15039,11322.25,586100,NIFTY_50,0.004644979,0.020481738,0.067420272,0.009345921
12-08-2020,11308.40039,11322,11242.65039,11289,609900,NIFTY_50,-0.001245274,0.018623357133872087,0.065001618,0.009388785
13-08-2020,11300.4502,11359.2998,11269.9502,11334.84961,562400,NIFTY_50,-0.000703034,0.008955219,0.052188324,0.009217341
14-08-2020,11178.40039,11366.25,11111.4502,11353.2998,645100,NIFTY_50,-0.010800437,-0.003178996,0.02538138,0.009189317
17-08-2020,11247.09961,11267.09961,11144.5,11248.90039,634000,NIFTY_50,0.006145711,-0.002045295,0.020404221,0.008978097
18-08-2020,11385.34961,11401.7002,11253.15039,11259.7998,579200,NIFTY_50,0.012292057935075373,0.00555086,0.019986975,0.008950233
19-08-2020,11408.40039,11460.34961,11394.09961,11452.15039,626200,NIFTY_50,0.0020246,0.008842984,0.024774157961968024,0.008909931
20-08-2020,11312.2002,11361.4502,11289.7998,11317.4502,791600,NIFTY_50,-0.0084324,0.001039782,0.008626493,0.009036586
21-08-2020,11371.59961,11418.5,11362.2002,11409.65039,668700,NIFTY_50,0.005250916,0.017283261647349057,0.01585196,0.00907933
24-08-2020,11466.4502,11497.25,11410.65039,11412,532900,NIFTY_50,0.008341006,0.019502858,0.030062559,0.009096408
25-08-2020,11472.25,11525.90039,11423.34961,11513.09961,638200,NIFTY_50,0.000505806,0.00763265,0.015193968282966042,0.008511447
26-08-2020,11549.59961,11561.75,11461.84961,11512.84961,743400,NIFTY_50,0.006742323,0.012376776227632336,0.030951946,0.008306785
27-08-2020,11559.25,11617.34961,11540.59961,11609.2998,719800,NIFTY_50,0.000835561,0.021839236,0.041172168750388094,0.00793232
28-08-2020,11647.59961,11686.0498,11589.40039,11602.9502,807000,NIFTY_50,0.007643196,0.024270991723315705,0.051849189,0.007947512
31-08-2020,11387.5,11794.25,11325.84961,11777.5498,1371800,NIFTY_50,-0.022330748,-0.006885321,0.045530538,0.008758705
01-09-2020,11470.25,11553.5498,11366.90039,11464.2998,783800,NIFTY_50,0.00726674,-0.000174334,0.033798247,0.007967143
02-09-2020,11535,11554.75,11430.40039,11478.5498,593500,NIFTY_50,0.005645038,-0.001264079,0.039034702,0.008010235
03-09-2020,11527.4502,11584.9502,11507.65039,11566.2002,607100,NIFTY_50,-0.000654513,-0.002751027,0.029222804451042306,0.007858559
04-09-2020,11333.84961,11452.0498,11303.65039,11354.40039,681300,NIFTY_50,-0.016794745,-0.026936881,0.01068301,0.008857627
07-09-2020,11355.0498,11381.15039,11251.7002,11359.59961,560300,NIFTY_50,0.00187052,-0.002849633,0.007533122,0.008802628
08-09-2020,11317.34961,11437.25,11290.4502,11378.5498,572200,NIFTY_50,-0.003320126,-0.013330171,-0.000454881,0.00878121
09-09-2020,11278,11298.15039,11185.15039,11218.59961,728900,NIFTY_50,-0.003476928,-0.022280017,-0.002688302,0.008812179
10-09-2020,11449.25,11464.0498,11327.40039,11363.2998,679400,NIFTY_50,0.015184429863450921,-0.006783824,0.013167599707595956,0.009447876
11-09-2020,11464.4502,11493.5,11419.90039,11447.7998,554800,NIFTY_50,0.001327615,0.011523056,0.025589511440957224,0.009052012
14-09-2020,11440.0498,11568.90039,11383.5498,11540.15039,642300,NIFTY_50,-0.002128352,0.007485656,0.017155551387814327,0.009008019
15-09-2020,11521.7998,11535.9502,11442.25,11487.2002,506700,NIFTY_50,0.007145948,0.018065201,0.011984717201845463,0.008734522
16-09-2020,11604.5498,11618.09961,11516.75,11538.4502,527800,NIFTY_50,0.007182038,0.028954585,0.01719342,0.008853118
17-09-2020,11516.09961,11587.2002,11498.5,11539.40039,0,NIFTY_50,-0.007622027,0.005838776,0.018024735289514426,0.008809954
18-09-2020,11504.9502,11584.09961,11446.09961,11584.09961,764200,NIFTY_50,-0.000968159,0.00353266,0.011726633940537523,0.008759049
21-09-2020,11250.5498,11535.25,11218.5,11503.7998,602900,NIFTY_50,-0.022112255,-0.016564613,-0.018828878,0.009916634
22-09-2020,11153.65039,11302.2002,11084.65039,11301.75,672200,NIFTY_50,-0.00861286,-0.031952422,-0.027771327,0.010057084005634593
23-09-2020,11131.84961,11259.5498,11024.40039,11258.75,714900,NIFTY_50,-0.001954587,-0.04073404,-0.036170085,0.009874736
24-09-2020,10805.5498,11015.2998,10790.2002,11011,706100,NIFTY_50,-0.029312272,-0.061700561,-0.065203209,0.011602203109992661
25-09-2020,11050.25,11072.59961,10854.84961,10910.40039,559600,NIFTY_50,0.022645788482354545,-0.039522135,-0.051285211,0.012772958318881596
28-09-2020,11227.5498,11239.34961,11099.84961,11140.84961,472800,NIFTY_50,0.016044868187371275,-0.002044345,-0.01404612,0.012525242354573233
29-09-2020,11222.40039,11305.40039,11181,11288.59961,498300,NIFTY_50,-0.000458641,0.006163901,-0.021608039,0.012387185963148743
30-09-2020,11247.5498,11295.40039,11184.5498,11244.4502,499300,NIFTY_50,0.002241001,0.010393618255052584,-0.024919826,0.012313979314469847
01-10-2020,11416.9502,11428.59961,11347.0498,11364.4502,447700,NIFTY_50,0.015061092732783665,0.056582071,-0.009585815,0.012840044
05-10-2020,11503.34961,11578.0498,11452.2998,11487.7998,530600,NIFTY_50,0.007567644,0.041003562,0.014955201087174741,0.012349361187522234
06-10-2020,11662.40039,11680.2998,11564.2998,11603.4502,561400,NIFTY_50,0.013826475474619793,0.038730675303346285,0.027067304082684096,0.012687870661887625
07-10-2020,11738.84961,11763.0498,11629.34961,11679.25,513400,NIFTY_50,0.006555187,0.046019497,0.037243702,0.012686134
08-10-2020,11834.59961,11905.7002,11791.15039,11835.40039,608800,NIFTY_50,0.008156677,0.052193572,0.049352687477832946,0.012692997234819552
09-10-2020,11914.2002,11938.59961,11805.2002,11852.0498,611100,NIFTY_50,0.00672609,0.043553662886622435,0.040609664,0.012384889836666472
12-10-2020,11930.9502,12022.0498,11867.2002,11973.5498,522600,NIFTY_50,0.001405885,0.037171833,0.040691005,0.012384656742296463
13-10-2020,11934.5,11988.2002,11888.90039,11934.65039,458300,NIFTY_50,0.000297529,0.023331355,0.043220983,0.012353219294496664
14-10-2020,11971.0498,11997.2002,11822.15039,11917.40039,569200,NIFTY_50,0.003062533,0.019780489829860137,0.038991304103134006,0.012300643951354578
15-10-2020,11680.34961,12025.4502,11661.2998,12023.4502,608900,NIFTY_50,-0.024283601,-0.013033817,0.006531904,0.013549980729368678
16-10-2020,11762.4502,11789.75,11667.84961,11727.40039,555800,NIFTY_50,0.007028949,-0.012736902,0.021391842229026237,0.013488601
19-10-2020,11873.0498,11898.25,11820.40039,11879.2002,541400,NIFTY_50,0.00940277,-0.004852957,0.031994889,0.013601924
20-10-2020,11896.7998,11949.25,11837.25,11861,453600,NIFTY_50,0.002000329,-0.003158925,0.057441637,0.012398952349896719
21-10-2020,11937.65039,12018.65039,11775.75,11958.5498,623700,NIFTY_50,0.003433746,-0.002790015,0.070290889,0.012100785155401103
22-10-2020,11896.4502,11939.5498,11823.4502,11890,544900,NIFTY_50,-0.003451282,0.018501208710743677,0.068685853,0.012140676
23-10-2020,11930.34961,11974.5498,11908.75,11957.90039,502300,NIFTY_50,0.00284954,0.014274187033702423,0.10409463886784875,0.009400934
26-10-2020,11767.75,11942.84961,11711.7002,11937.40039,519800,NIFTY_50,-0.013629073,-0.008868808,0.064930658,0.009317378
27-10-2020,11889.40039,11899.0498,11723,11807.09961,616300,NIFTY_50,0.010337608346965288,-0.000621967,0.0589488,0.008984463
28-10-2020,11729.59961,11929.40039,11684.84961,11922.59961,704000,NIFTY_50,-0.013440609,-0.017428118,0.045195252450064505,0.009682237
29-10-2020,11670.7998,11744.15039,11606.4502,11633.2998,555000,NIFTY_50,-0.005012942,-0.018967876,0.037630418,0.009817802
30-10-2020,11642.40039,11748.9502,11535.4502,11678.4502,553700,NIFTY_50,-0.002433373,-0.024135858,0.019746971954477388,0.009351251
02-11-2020,11669.15039,11725.65039,11557.40039,11697.34961,568400,NIFTY_50,0.002297636,-0.008378799,0.014413261083091378,0.009230511
03-11-2020,11813.5,11836.2002,11723.2998,11734.4502,674300,NIFTY_50,0.01237019,-0.00638387,0.012956132898375161,0.009127148
04-11-2020,11908.5,11929.65039,11756.40039,11783.34961,667300,NIFTY_50,0.008041647,0.015252045814250215,0.014452045666341284,0.009183355
05-11-2020,12120.2998,12131.09961,12027.59961,12062.40039,632500,NIFTY_50,0.017785598915690537,0.038514927,0.024141095156795744,0.009821858
06-11-2020,12263.5498,12280.40039,12131.84961,12156.65039,576800,NIFTY_50,0.011819014571289532,0.053352349448716696,0.02932212,0.010035295347855936
09-11-2020,12461.0498,12474.0498,12367.34961,12399.40039,553400,NIFTY_50,0.016104635537461442,0.067862645,0.044430628,0.010553355824873786
10-11-2020,12631.09961,12643.90039,12475.25,12556.40039,847500,NIFTY_50,0.013646507,0.069208923,0.058368562518329226,0.010842924110585215
11-11-2020,12749.15039,12769.75,12571.09961,12680.59961,880500,NIFTY_50,0.009346042,0.070592467,0.064998525,0.010938599129126623
12-11-2020,12690.7998,12741.15039,12624.84961,12702.15039,622000,NIFTY_50,-0.004576822,0.047069793,0.086508557,0.009057415
13-11-2020,12719.9502,12735.9502,12607.7002,12659.7002,513900,NIFTY_50,0.00229697,0.037216009874281974,0.081403108,0.009041308
17-11-2020,12874.2002,12934.0498,12797.09961,12932.5,707700,NIFTY_50,0.012126619808373373,0.033155343819393446,0.084321249,0.00914751
18-11-2020,12938.25,12948.84961,12819.34961,12860.09961,731300,NIFTY_50,0.004975051,0.024316995362543725,0.087540365,0.009135825
19-11-2020,12771.7002,12963,12745.75,12839.5,768800,NIFTY_50,-0.012872669,0.00176873,0.069867166,0.009907048
20-11-2020,12859.0498,12892.4502,12730.25,12813.40039,664000,NIFTY_50,0.006839309,0.013257635656489963,0.080914861,0.009797527
23-11-2020,12926.4502,12968.84961,12825.7002,12960.2998,633100,NIFTY_50,0.005241475,0.016234340294516203,0.083492992,0.009798069
24-11-2020,13055.15039,13079.09961,12978,13002.59961,571900,NIFTY_50,0.009956345,0.014055257,0.10940072576533333,0.008938217
25-11-2020,12858.40039,13145.84961,12833.65039,13130,679000,NIFTY_50,-0.01507068,-0.006171593,0.081501166,0.009926902
26-11-2020,12987,13018,12790.40039,12906.4502,549800,NIFTY_50,0.010001213639976747,0.016857568,0.10719891833477502,0.009113325
27-11-2020,12968.9502,13035.2998,12914.2998,13012.0498,1162400,NIFTY_50,-0.001389836,0.008546541,0.11123062792179894,0.008935063
01-12-2020,13109.0498,13128.40039,12962.7998,13062.2002,583600,NIFTY_50,0.010802694687318537,0.014126044398578674,0.12597483034886126,0.00881959
02-12-2020,13113.75,13128.5,12983.5498,13121.40039,717700,NIFTY_50,0.000358546,0.00448862,0.12379646855315118,0.008872781
03-12-2020,13133.90039,13216.59961,13107.90039,13215.2998,713700,NIFTY_50,0.001536585,0.021425682,0.11177046519871325,0.008786627
04-12-2020,13258.5498,13280.0498,13152.84961,13177.40039,640500,NIFTY_50,0.009490662,0.020909356,0.11336858585779064,0.008815928
07-12-2020,13355.75,13366.65039,13241.9502,13264.84961,591700,NIFTY_50,0.007331133,0.029825067,0.10193231316231066,0.008341365
08-12-2020,13392.9502,13435.4502,13311.0498,13393.84961,543200,NIFTY_50,0.002785332,0.021656824472776393,0.092094084,0.00819009
09-12-2020,13529.09961,13548.90039,13449.59961,13458.09961,502600,NIFTY_50,0.010165752285866914,0.031672832666094664,0.085711061,0.007845574
10-12-2020,13478.2998,13503.5498,13399.2998,13488.5,553400,NIFTY_50,-0.003754855,0.026222173445775043,0.067072561,0.00770049
11-12-2020,13513.84961,13579.34961,13402.84961,13512.2998,787700,NIFTY_50,0.002637559,0.019255485,0.059980406,0.007567283
14-12-2020,13558.15039,13597.5,13472.4502,13571.4502,558400,NIFTY_50,0.003278176,0.015154551,0.068344832,0.007357328
15-12-2020,13567.84961,13589.65039,13447.0498,13547.2002,497600,NIFTY_50,0.000715379,0.013059065516701107,0.06665902,0.007377564
16-12-2020,13682.7002,13692.34961,13606.4502,13663.09961,462200,NIFTY_50,0.008464907,0.011353348735126723,0.062800018,0.007188908
17-12-2020,13740.7002,13773.25,13673.5498,13713.5498,416000,NIFTY_50,0.004238929,0.019468359839698968,0.06202154,0.007180545
18-12-2020,13760.5498,13772.84961,13658.59961,13764.40039,519400,NIFTY_50,0.001444585,0.018255360422344546,0.077425057,0.006150697
21-12-2020,13328.40039,13777.5,13131.4502,13741.90039,687300,NIFTY_50,-0.031404953,-0.016945527,0.036499632015299266,0.009926748
22-12-2020,13466.2998,13492.0498,13192.90039,13373.65039,696200,NIFTY_50,0.010346283876607965,-0.007484591,0.041763176,0.010083167992012152
23-12-2020,13601.09961,13619.4502,13432.2002,13473.5,458700,NIFTY_50,0.010010159185716239,-0.005963778,0.041818685,0.010085382686142192
24-12-2020,13749.25,13771.75,13626.90039,13672.15039,471400,NIFTY_50,0.01089253,0.000622225,0.069281527,0.009407131
28-12-2020,13873.2002,13885.2998,13811.5498,13815.15039,403600,NIFTY_50,0.009015051,0.008186475,0.068237483,0.009373219
29-12-2020,13932.59961,13967.59961,13859.90039,13910.34961,439600,NIFTY_50,0.004281594,0.045331713,0.07430435,0.009307894
30-12-2020,13981.9502,13997,13864.9502,13980.90039,380700,NIFTY_50,0.003542095,0.038291913747940276,0.066587617,0.009153807
31-12-2020,13981.75,14024.84961,13936.4502,13970,452400,NIFTY_50,-1.43E-05,0.027986736481411034,0.066190068,0.009160424
01-01-2021,14018.5,14049.84961,13991.34961,13996.09961,358100,NIFTY_50,0.002628426,0.019582886339254868,0.067352392,0.009152925
04-01-2021,14132.90039,14147.9502,13953.75,14104.34961,495000,NIFTY_50,0.008160673,0.018719559413569842,0.06594617,0.009110348
05-01-2021,14199.5,14215.59961,14048.15039,14075.15039,492500,NIFTY_50,0.004712381,0.019156539203596168,0.063175037,0.009067144
06-01-2021,14146.25,14244.15039,14039.90039,14240.9502,632300,NIFTY_50,-0.003750132,0.011750850374405042,0.056245994624183115,0.009196206
07-01-2021,14137.34961,14256.25,14123.09961,14253.75,559200,NIFTY_50,-0.00062917,0.011128764952527348,0.044958646,0.009055651
08-01-2021,14347.25,14367.2998,14221.65039,14258.40039,613500,NIFTY_50,0.014847223590326086,0.023451154,0.064470312,0.009357701
11-01-2021,14484.75,14498.2002,14383.09961,14474.0498,672900,NIFTY_50,0.009583718,0.024895782157241975,0.071844842,0.009465151
12-01-2021,14563.4502,14590.65039,14432.84961,14473.7998,929600,NIFTY_50,0.005433314,0.025631197951512474,0.074147268,0.009474538
13-01-2021,14564.84961,14653.34961,14435.7002,14639.7998,874000,NIFTY_50,9.609083312889233e-05,0.029590853362198466,0.073482536,0.009485556
14-01-2021,14595.59961,14617.7998,14471.5,14550.0498,620200,NIFTY_50,0.002111247,0.032414138,0.066719244,0.009420042
15-01-2021,14433.7002,14617.4502,14357.84961,14594.34961,789600,NIFTY_50,-0.011092344,0.006025559,0.050434111,0.009946741
18-01-2021,14281.2998,14459.15039,14222.7998,14453.2998,762000,NIFTY_50,-0.01055865,-0.01404582,0.037843691377986044,0.010367671380904669
19-01-2021,14521.15039,14546.0498,14350.84961,14371.65039,546100,NIFTY_50,0.016794730817062842,-0.002904518,0.089489358,0.007390386
20-01-2021,14644.7002,14666.4502,14517.5498,14538.2998,623100,NIFTY_50,0.008508266,0.005482417,0.087507363,0.007322628
21-01-2021,14590.34961,14753.5498,14517.25,14730.9502,704600,NIFTY_50,-0.00371128,-0.000359697,0.07273309,0.007394875
22-01-2021,14371.90039,14619.90039,14357.75,14583.40039,776800,NIFTY_50,-0.014972172,-0.004281633,0.045286134925541344,0.008253625
25-01-2021,14238.90039,14491.09961,14218.59961,14477.7998,618600,NIFTY_50,-0.009254169,-0.002968876,0.02636019,0.008473462
27-01-2021,13967.5,14237.9502,13929.2998,14237.9502,660700,NIFTY_50,-0.019060488,-0.038127171,0.002504945,0.009581461
28-01-2021,13817.5498,13898.25,13713.25,13810.40039,637900,NIFTY_50,-0.01073565,-0.05648121,-0.011758044,0.009845164
29-01-2021,13634.59961,13966.84961,13596.75,13946.59961,753200,NIFTY_50,-0.013240422,-0.065505627,-0.024828823,0.010243766759341678
01-02-2021,14281.2002,14336.34961,13661.75,13758.59961,870500,NIFTY_50,0.047423511101338356,-0.00631094,0.018739536705959958,0.014944801237007381
02-02-2021,14647.84961,14731.7002,14469.15039,14481.09961,915000,NIFTY_50,0.025673571,0.028720561808217582,0.036436202,0.015868873647253878
03-02-2021,14789.9502,14868.84961,14574.15039,14754.90039,869500,NIFTY_50,0.009701123,0.058883136,0.041582464,0.015954237073851543
04-02-2021,14895.65039,14913.7002,14714.75,14789.0498,884700,NIFTY_50,0.007146758,0.078024006,0.052975197711407684,0.015927882602020226
05-02-2021,14924.25,15014.65039,14864.75,14952.59961,935600,NIFTY_50,0.001919997,0.094586598,0.055661097,0.015910001717099987
08-02-2021,15115.7998,15159.90039,15041.0498,15064.2998,671200,NIFTY_50,0.012834803,0.058440439,0.053567743,0.015836197
09-02-2021,15109.2998,15257.09961,15064.2998,15164.15039,713300,NIFTY_50,-0.000430014,0.031502930984296906,0.043117748,0.015766250102051207
10-02-2021,15106.5,15168.25,14977.2002,15119.0498,624800,NIFTY_50,-0.000185303,0.021403033851177256,0.037288540655173286,0.015756211
11-02-2021,15173.2998,15188.5,15065.40039,15073.25,500100,NIFTY_50,0.004421925,0.018639630145807384,0.041775247368215584,0.015759135281120353
12-02-2021,15163.2998,15243.5,15081,15186.2002,571800,NIFTY_50,-0.000659052,0.016017542234115556,0.038895298,0.0157718
15-02-2021,15314.7002,15340.15039,15243.40039,15270.2998,456000,NIFTY_50,0.00998466,0.013158443032787348,0.061037709532453466,0.015551731024735154
16-02-2021,15313.4502,15431.75,15242.2002,15371.4502,648500,NIFTY_50,-8.16E-05,0.013511571897042218,0.072272861,0.015241499505772438
17-02-2021,15208.90039,15314.2998,15170.75,15279.90039,504800,NIFTY_50,-0.006827319,0.006778565,0.047361950086545423,0.015079923651969402
18-02-2021,15118.9502,15250.75,15078.0498,15238.7002,770600,NIFTY_50,-0.005914313,-0.003581924,0.032383729,0.015118398497140651
19-02-2021,14981.75,15144.0498,14898.2002,15074.7998,712200,NIFTY_50,-0.009074717,-0.011972975,0.026825977519654876,0.015266313566526222
22-02-2021,14675.7002,15010.09961,14635.0498,14999.0498,609900,NIFTY_50,-0.020428175,-0.041724617,0.021138457,0.015619565
23-02-2021,14707.7998,14854.5,14651.84961,14782.25,744100,NIFTY_50,0.002187263,-0.039550224,0.032930872553278645,0.015426366651663487
24-02-2021,14982,15008.7998,14504.5,14729.15039,403800,NIFTY_50,0.018643182,-0.014918921,0.072632898,0.015050796133444917
25-02-2021,15097.34961,15176.5,15065.34961,15079.84961,803900,NIFTY_50,0.007699213,-0.001428709,0.092621327,0.014685544725569284
26-02-2021,14529.15039,14919.4502,14467.75,14888.59961,1103600,NIFTY_50,-0.037635693,-0.030210063,0.065608878,0.017061061
01-03-2021,14761.5498,14806.7998,14638.5498,14702.5,507300,NIFTY_50,0.015995389118723446,0.005849779,0.033635100888275815,0.013948543
02-03-2021,14919.09961,14959.09961,14760.7998,14865.2998,621700,NIFTY_50,0.010672985341787733,0.014366514,0.018518076525471328,0.012962830059477688
03-03-2021,15245.59961,15273.15039,14995.7998,15064.40039,544200,NIFTY_50,0.021884698711632122,0.017594420596382276,0.030808042491374588,0.013660813
04-03-2021,15080.75,15202.34961,14980.2002,15026.75,534900,NIFTY_50,-0.010812931,-0.001099505,0.012426420097204849,0.013866284793829689
05-03-2021,14938.09961,15092.34961,14862.09961,14977.9502,640700,NIFTY_50,-0.009459105,0.028146808846708282,0.000927994,0.014046295460087399
08-03-2021,14956.2002,15111.15039,14919.90039,15002.4502,0,NIFTY_50,0.001211706,0.013186311,-0.010558463,0.013730343038182317
09-03-2021,15098.40039,15126.84961,14925.4502,15049.90039,675300,NIFTY_50,0.009507776,0.012018203909392122,-0.000721371,0.013909389882497271
10-03-2021,15174.7998,15218.4502,15100.84961,15202.15039,404600,NIFTY_50,0.0050601,-0.00464395,0.00452122,0.013953971218907712
12-03-2021,15030.9502,15336.2998,14953.59961,15321.15039,493200,NIFTY_50,-0.009479506,-0.00330221,-0.009381585,0.014084447541738772
15-03-2021,14929.5,15048.40039,14745.84961,15048.40039,467500,NIFTY_50,-0.00674942,-0.000575683,-0.015418795,0.014156538378994521
16-03-2021,14910.4502,15051.59961,14890.65039,14996.09961,100,NIFTY_50,-0.001275984,-0.003058932,-0.026396207,0.013932178391469981
17-03-2021,14721.2998,14956.5498,14696.0498,14946.5498,100,NIFTY_50,-0.01268576,-0.024976195,-0.038668646,0.014160044374178922
18-03-2021,14557.84961,14875.2002,14478.59961,14855.5,542200,NIFTY_50,-0.011102973,-0.040656233,-0.042807222,0.014270607506441194
19-03-2021,14744,14788.25,14350.09961,14471.15039,919200,NIFTY_50,0.012786942826028547,-0.019090622,-0.024800015,0.014615211886151667
22-03-2021,14736.40039,14763.90039,14597.84961,14736.2998,459000,NIFTY_50,-0.000515437,-0.012934098,-0.016376565,0.014495860569514737
23-03-2021,14814.75,14878.59961,14707,14768.5498,474200,NIFTY_50,0.00531674,-0.00641833,0.009474833,0.013779477499352478
24-03-2021,14549.40039,14752.34961,14535,14712.4502,456400,NIFTY_50,-0.017911177,-0.011676918,-0.010769756,0.014374765705930836
25-03-2021,14324.90039,14575.59961,14264.40039,14570.90039,606800,NIFTY_50,-0.015430189,-0.016001623,-0.043859272,0.014008201088274372
26-03-2021,14507.2998,14572.90039,14414.25,14506.2998,481000,NIFTY_50,0.012733031929623273,-0.016054001,-0.039083006,0.014237748164716934
30-03-2021,14845.09961,14876.2998,14617.59961,14628.5,594500,NIFTY_50,0.023284816,0.00737624,0.021745883981892478,0.012612751146725575
31-03-2021,14690.7002,14813.75,14670.25,14811.84961,463900,NIFTY_50,-0.010400699,-0.008373398,-0.004799605,0.012356177702591176
01-04-2021,14867.34961,14883.2002,14692.4502,14798.40039,445000,NIFTY_50,0.012024574166918489,0.021853080554087523,-0.003468708,0.012422112235834613
05-04-2021,14637.7998,14849.84961,14459.5,14837.7002,509700,NIFTY_50,-0.015439861,0.021843042920373756,-0.039867229,0.011729739584010926
06-04-2021,14683.5,14779.09961,14573.90039,14737,475300,NIFTY_50,0.003122067,0.012145623,-0.026341528,0.01158966
07-04-2021,14819.0498,14879.7998,14649.84961,14716.4502,0,NIFTY_50,0.009231437,-0.001754775,-0.007969541,0.011647996400335914
08-04-2021,14873.7998,14984.15039,14821.09961,14875.65039,514800,NIFTY_50,0.003694569,0.012463640734661663,-0.005509447,0.011678546258692009
09-04-2021,14834.84961,14918.4502,14785.65039,14882.65039,504100,NIFTY_50,-0.002618712,-0.002185998,-0.017455543,0.011460135589328126
12-04-2021,14310.7998,14652.5,14248.7002,14644.65039,650200,NIFTY_50,-0.035325589,-0.022339423,-0.056936501,0.013707565
13-04-2021,14504.7998,14528.90039,14274.90039,14364.90039,605100,NIFTY_50,0.013556195506029933,-0.012170136,-0.035004466,0.014082714
15-04-2021,14581.4502,14597.5498,14353.2002,14522.40039,568000,NIFTY_50,0.005284485,-0.01603339,-0.023312891,0.014112004737115364
16-04-2021,14617.84961,14697.7002,14559,14599.59961,577200,NIFTY_50,0.002496282,-0.017208124,-0.01962386,0.014134488879047375
19-04-2021,14359.4502,14382.2998,14191.40039,14306.59961,512300,NIFTY_50,-0.017676979,-0.032046123,-0.024580004,0.014395283
20-04-2021,14296.40039,14526.9502,14207.2998,14526.7002,467400,NIFTY_50,-0.004390823,-0.001006192,-0.01795933,0.014228167733546376
22-04-2021,14406.15039,14424.75,14151.40039,14219.15039,524600,NIFTY_50,0.007676758,-0.006801157,-0.022914379,0.014015457557161309
23-04-2021,14341.34961,14461.15039,14273.2998,14326.34961,498100,NIFTY_50,-0.004498133,-0.016466166,-0.026807821,0.014035526026930673
26-04-2021,14485,14557.5,14421.2998,14449.4502,452700,NIFTY_50,0.010016518287169873,-0.009088177,-0.022258222,0.014189987670446552
27-04-2021,14653.0498,14667.5498,14484.84961,14493.7998,451800,NIFTY_50,0.011601643402658013,0.020446438086525243,0.007123965,0.013872936
28-04-2021,14864.5498,14890.25,14694.9502,14710.5,457000,NIFTY_50,0.014433855260107098,0.039740731830305354,0.037672123,0.013679909681973898
29-04-2021,14894.90039,15044.34961,14814.4502,14979,517500,NIFTY_50,0.00204181,0.033926482,0.026717624,0.013442803155902823
30-04-2021,14631.09961,14855.4502,14601.7002,14747.34961,613900,NIFTY_50,-0.017710812,0.020203816787967455,-0.014415531,0.013050881
03-05-2021,14634.15039,14673.84961,14416.25,14481.0498,448900,NIFTY_50,0.000208513,0.010296885787021148,-0.003849361,0.012847468795124502
04-05-2021,14496.5,14723.40039,14461.5,14687.25,503400,NIFTY_50,-0.009406107,-0.010683769,-0.024943895,0.012674348151460227
05-05-2021,14617.84961,14637.90039,14506.59961,14604.15039,455900,NIFTY_50,0.008370959,-0.016596547,-0.001362923,0.012379774109629376
06-05-2021,14724.7998,14743.90039,14611.5,14668.34961,467800,NIFTY_50,0.007316411,-0.011420055,0.002812668,0.012470544242215229
07-05-2021,14823.15039,14863.0498,14765.5,14816.84961,488000,NIFTY_50,0.006679248,0.013126202840348489,0.00027671,0.012386198308636997
10-05-2021,14942.34961,14966.90039,14892.5,14928.25,522000,NIFTY_50,0.008041423,0.021060274120692446,0.004608762,0.012490521473203531
11-05-2021,14850.75,14900,14771.40039,14789.7002,647400,NIFTY_50,-0.006130201,0.024436933,0.001071827,0.012558276
12-05-2021,14696.5,14824.0498,14649.7002,14823.5498,643800,NIFTY_50,-0.010386681,0.005380435,0.026951686878196934,0.009784349
14-05-2021,14677.7998,14749.65039,14591.90039,14749.40039,620700,NIFTY_50,-0.001272425,-0.003191894,0.011927086366548156,0.009365685
17-05-2021,14923.15039,14938,14725.34961,14756.25,546400,NIFTY_50,0.01671576,0.006746204,0.023433896542220944,0.009992232
18-05-2021,15108.09961,15137.25,15043.7002,15067.2002,583900,NIFTY_50,0.012393443335275034,0.011092632974937677,0.033537765,0.010299818
19-05-2021,15030.15039,15133.40039,15008.84961,15058.59961,569100,NIFTY_50,-0.005159432,0.012080224273184781,0.046707930052324986,0.009401452
20-05-2021,14906.0498,15069.7998,14884.90039,15042.59961,480300,NIFTY_50,-0.008256776,0.014258483631306884,0.04264356,0.0095848
21-05-2021,15175.2998,15190,14985.84961,14987.7998,572900,NIFTY_50,0.018063136,0.033894725818587546,0.05339035,0.010164761134825648
24-05-2021,15197.7002,15256.25,15145.4502,15211.34961,579800,NIFTY_50,0.001476109,0.018397577,0.059711994,0.010030441861912938
25-05-2021,15208.4502,15293.84961,15163.40039,15291.75,441500,NIFTY_50,0.000707344,0.006642171,0.049944784,0.009900506
26-05-2021,15301.4502,15319.90039,15194.9502,15257.0498,384000,NIFTY_50,0.006115022,0.018050372,0.0442502,0.009708796
27-05-2021,15337.84961,15384.5498,15272.5,15323.9502,0,NIFTY_50,0.002378821,0.028968090831932747,0.031840844,0.00927459
28-05-2021,15435.65039,15469.65039,15394.75,15421.2002,468100,NIFTY_50,0.006376434,0.017156207079156438,0.036304372,0.009335675
31-05-2021,15582.7998,15606.34961,15374,15437.75,436000,NIFTY_50,0.009533088,0.025339334532587854,0.065046389,0.008260693
01-06-2021,15574.84961,15660.75,15528.2998,15629.65039,409600,NIFTY_50,-0.00051019,0.024091831143677744,0.064281095,0.008275886
02-06-2021,15576.2002,15597.4502,15459.84961,15520.34961,428600,NIFTY_50,8.67158252806366e-05,0.017955814415823612,0.07448006,0.007774773
03-06-2021,15690.34961,15705.09961,15611,15655.5498,410200,NIFTY_50,0.007328451,0.022982361216042912,0.073369205,0.007744729
04-06-2021,15670.25,15733.59961,15622.34961,15712.5,414200,NIFTY_50,-0.001281017,0.015198556810893216,0.064208017,0.007764694
07-06-2021,15751.65039,15773.4502,15678.09961,15725.09961,394000,NIFTY_50,0.005194581,0.010835702701301964,0.062638506,0.007736171
08-06-2021,15740.09961,15778.7998,15680,15773.90039,378200,NIFTY_50,-0.000733306,0.010610054295518312,0.053388525,0.0076881
09-06-2021,15635.34961,15800.4502,15566.90039,15766.2998,457900,NIFTY_50,-0.006654977,0.003797423,0.052832322,0.007720406
10-06-2021,15737.75,15751.25,15648.5,15692.09961,298300,NIFTY_50,0.006549287,0.00302099,0.070850202,0.007126293
11-06-2021,15799.34961,15835.5498,15749.7998,15796.4502,363000,NIFTY_50,0.003914131,0.008238516,0.076411303,0.007039139
14-06-2021,15811.84961,15823.0498,15606.5,15791.40039,392900,NIFTY_50,0.000791172,0.003821772,0.059551716,0.006358536
15-06-2021,15869.25,15901.59961,15842.40039,15866.9502,323300,NIFTY_50,0.003630214,0.008205183,0.050380286753781034,0.005960528
16-06-2021,15767.5498,15880.84961,15742.59961,15847.5,340200,NIFTY_50,-0.006408633,0.008455212,0.049061346,0.006050631
17-06-2021,15691.40039,15769.34961,15616.75,15648.2998,357600,NIFTY_50,-0.004829502,-0.002945123,0.052686700784438045,0.005774724
18-06-2021,15683.34961,15761.5,15450.90039,15756.5,640800,NIFTY_50,-0.00051307,-0.007342074,0.033478733,0.004509772
21-06-2021,15746.5,15765.15039,15505.65039,15525.84961,351500,NIFTY_50,0.004026588,-0.004132952,0.036110713965575414,0.004540329
22-06-2021,15772.75,15895.75,15752.09961,15840.5,322200,NIFTY_50,0.001667037,-0.006080943,0.03710436,0.004533405
23-06-2021,15686.9502,15862.9502,15673.9502,15862.7998,287500,NIFTY_50,-0.005439749,-0.00511174,0.025193690472429475,0.004692469
24-06-2021,15790.4502,15821.40039,15702.7002,15737.2998,316700,NIFTY_50,0.006597841,0.006312362,0.029508738021583936,0.004838206
25-06-2021,15860.34961,15870.7998,15772.2998,15839.34961,314600,NIFTY_50,0.004426689,0.011285854,0.027514177116109373,0.004752953
28-06-2021,15814.7002,15915.65039,15792.15039,15915.34961,255100,NIFTY_50,-0.00287821,0.004331134,0.014881818000077374,0.004430156
29-06-2021,15748.4502,15835.90039,15724.0498,15807.5,360300,NIFTY_50,-0.00418914,-0.001540619,0.011146213,0.004559642
30-06-2021,15721.5,15839.09961,15708.75,15776.90039,262400,NIFTY_50,-0.001711292,0.002202455,0.009328322,0.004587195
01-07-2021,15680,15755.5498,15667.0498,15755.0498,224900,NIFTY_50,-0.002639697,-0.006994746,-0.000659616,0.004338053
02-07-2021,15722.2002,15738.34961,15635.9502,15705.84961,254800,NIFTY_50,0.002691339,-0.008710364,0.003315212,0.004368305
05-07-2021,15834.34961,15845.9502,15762.0498,15793.40039,207000,NIFTY_50,0.007133188,0.001242478,0.005250194,0.004504931
06-07-2021,15818.25,15914.2002,15801,15813.75,391400,NIFTY_50,-0.001016752,0.00443217,0.004965051,0.004508703
07-07-2021,15879.65039,15893.5498,15779.7002,15819.59961,329300,NIFTY_50,0.003881617,0.010059497543173368,0.015624900456560065,0.004267652
08-07-2021,15727.90039,15885.75,15682.90039,15855.40039,307900,NIFTY_50,-0.009556256,0.003054872,-0.000625859,0.004626936
09-07-2021,15689.7998,15730.84961,15632.75,15688.25,243200,NIFTY_50,-0.002422484,-0.002060805,-0.006933817,0.004559748
12-07-2021,15692.59961,15789.2002,15644.75,15766.7998,216300,NIFTY_50,0.000178447,-0.008952057,-0.007541812,0.004553817
13-07-2021,15812.34961,15820.7998,15744.59961,15794,246700,NIFTY_50,0.007630985,-0.000373012,-0.003585575,0.004818879
14-07-2021,15853.9502,15877.34961,15764.2002,15808.7002,0,NIFTY_50,0.002630892,-0.001618436,0.005479633,0.004622729
15-07-2021,15924.2002,15952.34961,15855,15872.15039,284900,NIFTY_50,0.004431072,0.012480992364658494,0.014836139470801424,0.004546809
16-07-2021,15923.40039,15962.25,15882.59961,15958.34961,276300,NIFTY_50,-5.02E-05,0.014888691305526391,0.015306091315244741,0.004541235
19-07-2021,15752.40039,15836.90039,15707.5,15754.5,242100,NIFTY_50,-0.010738912,0.003810763,0.000374711,0.005144083
20-07-2021,15632.09961,15728.4502,15578.5498,15703.9502,274300,NIFTY_50,-0.007636981,-0.011399318,-0.008917303,0.005402579
22-07-2021,15824.0498,15834.7998,15726.40039,15736.59961,265300,NIFTY_50,0.012279233123449584,-0.00188599,0.008739724,0.005962319
23-07-2021,15856.0498,15899.7998,15768.40039,15856.7998,294100,NIFTY_50,0.002022238,-0.004279674,0.004154385,0.005799654
26-07-2021,15824.4502,15893.34961,15797,15849.2998,267100,NIFTY_50,-0.001992906,-0.006214137,-0.002263469,0.005732025
27-07-2021,15746.4502,15881.5498,15701,15860.5,311000,NIFTY_50,-0.004929081,-0.000377733,-0.004315605,0.0058023
28-07-2021,15709.40039,15767.5,15513.4502,15761.5498,318600,NIFTY_50,-0.002352899,0.004945003,-0.002479597,0.005750153
29-07-2021,15778.4502,15817.34961,15737.7998,15762.7002,401600,NIFTY_50,0.004395445,-0.002881665,0.00362244,0.005822244
30-07-2021,15763.0498,15862.7998,15744.84961,15800.59961,400000,NIFTY_50,-0.000976039,-0.005865269,0.005296544,0.005791387
02-08-2021,15885.15039,15892.90039,15834.65039,15874.90039,244800,NIFTY_50,0.007746,0.003835849,0.010364337897254439,0.006008377
03-08-2021,16130.75,16146.90039,15914.34961,15951.5498,341300,NIFTY_50,0.015460955882416139,0.024405488216125093,0.018718823,0.006734545
04-08-2021,16258.7998,16290.2002,16176.15039,16195.25,427300,NIFTY_50,0.007938242,0.034972653341394766,0.02785073,0.006892787
05-08-2021,16294.59961,16349.4502,16210.2998,16288.9502,418200,NIFTY_50,0.002201873,0.032712301,0.026130879,0.006871118
06-08-2021,16238.2002,16336.75,16223.2998,16304.40039,320100,NIFTY_50,-0.003461234,0.030143303263794996,0.032445514,0.006488161
09-08-2021,16258.25,16320.75,16179.0498,16281.34961,240500,NIFTY_50,0.001234731,0.02348732,0.036230558,0.006419473
10-08-2021,16280.09961,16359.25,16202.25,16274.7998,288000,NIFTY_50,0.001343909,0.00925869,0.037438029,0.006409254
11-08-2021,16282.25,16338.75,16162.5498,16327.2998,277900,NIFTY_50,0.000132087,0.001442308,0.029717303,0.006271678
12-08-2021,16364.40039,16375.5,16286.90039,16303.65039,280200,NIFTY_50,0.005045395,0.004283676,0.032197035,0.006317986
13-08-2021,16529.09961,16543.59961,16376.2998,16385.69922,321900,NIFTY_50,0.010064482340847336,0.017914510879504686,0.037986172406985874,0.006571131
16-08-2021,16563.05078,16589.40039,16480.75,16518.40039,254000,NIFTY_50,0.002054024,0.018747453,0.040170464532286676,0.006555319
17-08-2021,16614.59961,16628.55078,16495.40039,16545.25,297400,NIFTY_50,0.003112279,0.020546557,0.054734465692170664,0.005831273
18-08-2021,16568.84961,16701.84961,16535.84961,16691.94922,251800,NIFTY_50,-0.002753602,0.017601966,0.059924772,0.005467236
20-08-2021,16450.5,16509.55078,16376.0498,16382.5,350800,NIFTY_50,-0.007142898,0.005261397,0.039588487336972955,0.005443728
23-08-2021,16496.44922,16592.5,16395.69922,16592.25,275600,NIFTY_50,0.002793181,-0.001975328,0.040388333,0.005446941
24-08-2021,16624.59961,16647.09961,16495.30078,16561.40039,275400,NIFTY_50,0.007768362,0.003716032,0.050564121,0.005507721
25-08-2021,16634.65039,16712.44922,16617.5,16654,265900,NIFTY_50,0.000604573,0.001206817,0.056406376,0.005248633
26-08-2021,16636.90039,16683.69922,16603.40039,16627.94922,253500,NIFTY_50,0.00013526,0.004107152,0.059041082,0.005149607
27-08-2021,16705.19922,16722.05078,16565.59961,16642.55078,217400,NIFTY_50,0.004105262,0.015482764581623565,0.058735110987821804,0.005145534
30-08-2021,16931.05078,16951.5,16764.84961,16775.84961,283500,NIFTY_50,0.013519836521704187,0.026345158,0.074097398,0.005577985
31-08-2021,17132.19922,17153.5,16915.84961,16947.5,464400,NIFTY_50,0.011880446175423387,0.030533042677836963,0.078504062,0.005811633
01-09-2021,17076.25,17225.75,17055.05078,17185.59961,301900,NIFTY_50,-0.003265735,0.026546973,0.058614757528323125,0.005322289
02-09-2021,17234.15039,17245.5,17059.69922,17095.40039,242400,NIFTY_50,0.009246784,0.035899115,0.059989089,0.00539547
03-09-2021,17323.59961,17340.09961,17212.19922,17262.44922,261400,NIFTY_50,0.005190231,0.037018439,0.063149757,0.005415558
06-09-2021,17377.80078,17429.55078,17345.55078,17399.34961,228000,NIFTY_50,0.003128748,0.026386430811178307,0.070180228,0.005192482
07-09-2021,17362.09961,17436.5,17287,17401.55078,243400,NIFTY_50,-0.000903519,0.013419199000055393,0.067894737,0.005261183
08-09-2021,17353.5,17383.40039,17254.19922,17375.75,252700,NIFTY_50,-0.000495309,0.016236000292804365,0.065933282,0.005313046
09-09-2021,17369.25,17379.65039,17302.69922,17312.84961,241500,NIFTY_50,0.000907598,0.007839064,0.066759815,0.005292182
13-09-2021,17355.30078,17378.34961,17269.15039,17363.55078,241100,NIFTY_50,-0.000803099,0.001829941,0.060552196656876944,0.005349018
14-09-2021,17380,17438.55078,17367.05078,17420.34961,230400,NIFTY_50,0.001423151,0.000126553,0.051478932,0.005087325
15-09-2021,17519.44922,17532.69922,17386.90039,17387.65039,388200,NIFTY_50,0.008023545,0.009062821,0.057742891,0.005231301
16-09-2021,17629.5,17644.59961,17510.44922,17539.19922,503300,NIFTY_50,0.006281635,0.015904572564612307,0.061084854,0.005288195
17-09-2021,17585.15039,17792.94922,17537.65039,17709.65039,508300,NIFTY_50,-0.002515648,0.012430035299451525,0.061338041276864264,0.005274862
20-09-2021,17396.90039,17622.75,17361.80078,17443.84961,339100,NIFTY_50,-0.010705055,0.00239694,0.05753019,0.005679756
21-09-2021,17562,17578.34961,17326.09961,17450.5,363600,NIFTY_50,0.009490174,0.010471806674338335,0.064592736,0.00587248
22-09-2021,17546.65039,17610.44922,17524,17580.90039,295200,NIFTY_50,-0.000874024,0.001552627,0.055463037,0.005832659
23-09-2021,17822.94922,17843.90039,17646.55078,17670.84961,320500,NIFTY_50,0.015746528367181822,0.010973040571201631,0.071435155,0.006489537
24-09-2021,17853.19922,17947.65039,17819.40039,17897.44922,360100,NIFTY_50,0.00169725,0.015242908,0.0731085,0.006456534
27-09-2021,17855.09961,17943.5,17802.90039,17932.19922,295700,NIFTY_50,0.000106445,0.026337980241406544,0.06883488,0.00650033
28-09-2021,17748.59961,17912.84961,17576.09961,17906.44922,398000,NIFTY_50,-0.005964682,0.010625191286584679,0.048286952,0.006355034
29-09-2021,17711.30078,17781.75,17608.15039,17657.94922,562200,NIFTY_50,-0.002101508,0.00938358,0.03380194,0.006014837
30-09-2021,17618.15039,17742.15039,17585.34961,17718.90039,378600,NIFTY_50,-0.005259376,-0.011490737,0.031734157,0.006116783
01-10-2021,17532.05078,17557.15039,17452.90039,17531.90039,305800,NIFTY_50,-0.004886983,-0.017988285,0.01728547,0.005999859
04-10-2021,17691.25,17750.90039,17581.34961,17615.55078,295800,NIFTY_50,0.009080468,-0.009176628,0.021222517,0.006206639
05-10-2021,17822.30078,17833.44922,17640.90039,17661.34961,427000,NIFTY_50,0.007407661,0.004152506,0.025578610642124522,0.006353396
06-10-2021,17646,17884.59961,17613.15039,17861.5,395800,NIFTY_50,-0.009892145,-0.003686956,0.016351731473289277,0.006817185
07-10-2021,17790.34961,17857.55078,17763.80078,17810.55078,419900,NIFTY_50,0.008180302,0.009773967,0.025173574,0.007001713
08-10-2021,17895.19922,17941.84961,17840.34961,17886.84961,324100,NIFTY_50,0.005893623,0.020713403,0.03028048,0.007076603
11-10-2021,17945.94922,18041.94922,17839.09961,17867.55078,375800,NIFTY_50,0.002835956,0.014396903483360424,0.03403274,0.007060591
12-10-2021,17991.94922,18008.65039,17864.94922,17915.80078,355600,NIFTY_50,0.002563253,0.009518885,0.035209967,0.007062854
13-10-2021,18161.75,18197.80078,18050.75,18097.84961,506700,NIFTY_50,0.009437598,0.029227586988552545,0.036662156054688255,0.007135607
14-10-2021,18338.55078,18350.75,18248.69922,18272.84961,538700,NIFTY_50,0.009734788,0.030814525,0.040219563,0.007289214
18-10-2021,18477.05078,18543.15039,18445.30078,18500.09961,469900,NIFTY_50,0.007552396,0.032514394245488853,0.050718952,0.007308667
19-10-2021,18418.75,18604.44922,18377.69922,18602.34961,368200,NIFTY_50,-0.003155308,0.026345821861348817,0.058737452444440175,0.006765401
20-10-2021,18266.59961,18458.30078,18209.34961,18439.90039,371300,NIFTY_50,-0.008260625,0.015265183,0.040120692937877234,0.007012371
21-10-2021,18178.09961,18384.19922,18048,18382.69922,365900,NIFTY_50,-0.004844908,0.000900222,0.035986881,0.007152604
22-10-2021,18114.90039,18314.25,18034.34961,18230.69922,324700,NIFTY_50,-0.003476668,-0.012195641,0.016380631975759785,0.006434478
25-10-2021,18125.40039,18241.40039,17968.5,18229.5,418700,NIFTY_50,0.000579633,-0.019031738,0.015246632748550981,0.006431424
26-10-2021,18268.40039,18310.44922,18099.30078,18154.5,341400,NIFTY_50,0.007889481,-0.008162856,0.023147492329473884,0.006621408
27-10-2021,18210.94922,18342.05078,18167.90039,18295.84961,335200,NIFTY_50,-0.003144839,-0.003046565,0.026049921,0.006490312
28-10-2021,17857.25,18190.69922,17799.44922,18187.65039,374200,NIFTY_50,-0.019422338,-0.017650338,0.008240457,0.007958555
29-10-2021,17671.65039,17915.84961,17613.09961,17833.05078,336500,NIFTY_50,-0.010393516,-0.024468807,0.003036641,0.008230252
01-11-2021,17929.65039,17954.09961,17697.09961,17783.15039,281200,NIFTY_50,0.014599655057507821,-0.010799761,0.022678442718191416,0.008736246
02-11-2021,17888.94922,18012.25,17847.59961,17970.90039,296400,NIFTY_50,-0.002270048,-0.020770903,0.011174971737440753,0.008561441
03-11-2021,17829.19922,17988.75,17757.94922,17947.94922,331000,NIFTY_50,-0.003340051,-0.020962663,0.000387068,0.008447582
04-11-2021,17916.80078,17947.55078,17900.59961,17935.05078,48500,NIFTY_50,0.004913376,0.003334824,0.015346298382069579,0.008174476
08-11-2021,18068.55078,18087.80078,17836.09961,18040.19922,338900,NIFTY_50,0.008469704,0.022459724012849458,0.015637757434985744,0.008188484
09-11-2021,18044.25,18112.59961,17983.05078,18084.34961,270200,NIFTY_50,-0.001344921,0.006391625,0.008329093,0.008111482
10-11-2021,18017.19922,18061.25,17915,17973.44922,261400,NIFTY_50,-0.001499136,0.00716923,0.003970255,0.008102176
11-11-2021,17873.59961,17971.34961,17798.19922,17967.44922,232100,NIFTY_50,-0.007970141,0.002490319,-0.00657792,0.008282821
12-11-2021,18102.75,18123,17905.90039,17977.59961,249100,NIFTY_50,0.012820606684330382,0.010378483,-0.003248586,0.008523146
15-11-2021,18109.44922,18210.15039,18071.30078,18140.94922,280400,NIFTY_50,0.000370066,0.002263515,-0.012492894,0.00820405
16-11-2021,17999.19922,18132.65039,17958.80078,18127.05078,267400,NIFTY_50,-0.006087982,-0.002496684,-0.025861896,0.008056623
17-11-2021,17898.65039,18022.65039,17879.25,17939.34961,295700,NIFTY_50,-0.005586295,-0.006579759,-0.028237508,0.008104626
18-11-2021,17764.80078,17945.59961,17688.5,17890.55078,278400,NIFTY_50,-0.007478196,-0.006087125,-0.02747084,0.008071587
22-11-2021,17416.55078,17805.25,17280.44922,17796.25,356400,NIFTY_50,-0.019603372,-0.0379058,-0.041893754,0.009025172
23-11-2021,17503.34961,17553.69922,17216.09961,17281.75,308800,NIFTY_50,0.004983698,-0.033468694,-0.033759544,0.009154534
24-11-2021,17415.05078,17600.59961,17354,17550.05078,298100,NIFTY_50,-0.005044682,-0.032454135,-0.039190837,0.009167982
25-11-2021,17536.25,17564.34961,17351.69922,17417.30078,255900,NIFTY_50,0.006959453,-0.020247358,-0.040077422,0.009117631
26-11-2021,17026.44922,17355.40039,16985.69922,17338.75,356300,NIFTY_50,-0.029071254,-0.041562614,-0.065043287,0.010947835696066903
29-11-2021,17053.94922,17160.69922,16782.40039,17055.80078,348900,NIFTY_50,0.001615134,-0.020819367,-0.044984574,0.010309263
30-11-2021,16983.19922,17324.65039,16931.40039,17051.15039,498000,NIFTY_50,-0.004148599,-0.029717191,-0.038957944,0.010142793297315022
01-12-2021,17166.90039,17213.05078,17064.25,17104.40039,295500,NIFTY_50,0.010816641,-0.014249191,-0.042541265,0.009849226
02-12-2021,17401.65039,17420.34961,17149.30078,17183.19922,279900,NIFTY_50,0.013674571102433752,-0.007675507,-0.027240215,0.010463031175646273
03-12-2021,17196.69922,17489.80078,17180.80078,17424.90039,292500,NIFTY_50,-0.011777686,0.009999149,-0.035475514,0.010715509132081977
06-12-2021,16912.25,17216.75,16891.69922,17209.05078,231700,NIFTY_50,-0.01654092,-0.00830888,-0.056067531,0.011081042453143206
07-12-2021,17176.69922,17251.65039,16987.75,17044.09961,254100,NIFTY_50,0.015636548581649423,0.011393613035308947,-0.04935933,0.011570493686536199
08-12-2021,17469.75,17484.59961,17308.94922,17315.25,257800,NIFTY_50,0.017060948527881648,0.017641484629361992,-0.031838397,0.012368627814641568
09-12-2021,17516.84961,17543.25,17379.59961,17524.40039,237200,NIFTY_50,0.002696067,0.006620017,-0.027770665,0.012404940327635547
10-12-2021,17511.30078,17534.34961,17405.25,17476.05078,204500,NIFTY_50,-0.000316771,0.018294299301169437,-0.020270054,0.012307106440982991
13-12-2021,17368.25,17639.5,17355.94922,17619.09961,256600,NIFTY_50,-0.008169055,0.026962704548478156,-0.040573946,0.011960996129291926
14-12-2021,17324.90039,17376.19922,17225.80078,17283.19922,271000,NIFTY_50,-0.002495911,0.008628036,-0.043322622,0.011948260858088748
15-12-2021,17221.40039,17351.19922,17192.19922,17323.65039,215000,NIFTY_50,-0.00597406,-0.01421598,-0.043212968,0.011946308626095923
16-12-2021,17248.40039,17379.34961,17184.94922,17373,219500,NIFTY_50,0.001567817,-0.0153252,-0.036329555,0.011944736
17-12-2021,16985.19922,17298.15039,16966.44922,17276,354600,NIFTY_50,-0.015259454,-0.030043546,-0.043884622,0.012262584971094266
20-12-2021,16614.19922,16840.09961,16410.19922,16824.25,330600,NIFTY_50,-0.021842546,-0.043415473,-0.046068339,0.012439086895696533
21-12-2021,16770.84961,16936.40039,16688.25,16773.15039,241000,NIFTY_50,0.009428705,-0.031980027,-0.041849133,0.012614203995248775
22-12-2021,16955.44922,16971,16819.5,16865.55078,207900,NIFTY_50,0.011007170994593363,-0.015443063,-0.026391055,0.012921178551899594
23-12-2021,17072.59961,17118.65039,17015.55078,17066.80078,197000,NIFTY_50,0.006909306,-0.010192295,-0.02643954,0.012919505
24-12-2021,17003.75,17155.59961,16909.59961,17149.5,182600,NIFTY_50,-0.004032755,0.001092173,-0.001333174,0.011178440040993025
27-12-2021,17086.25,17112.05078,16833.19922,16937.75,144800,NIFTY_50,0.004851871,0.028412490727646178,0.001894035,0.011226491147817541
28-12-2021,17233.25,17250.25,17161.15039,17177.59961,176000,NIFTY_50,0.008603409,0.027571673552335474,0.014723420365577278,0.011330866727582274
29-12-2021,17213.59961,17285.94922,17176.65039,17220.09961,161700,NIFTY_50,-0.00114026,0.015225216819353182,0.002720306,0.011086926297552768
30-12-2021,17203.94922,17264.05078,17146.34961,17201.44922,320800,NIFTY_50,-0.000560626,0.007693592,-0.011361059,0.010623212765997222
31-12-2021,17354.05078,17400.80078,17238.5,17244.5,167000,NIFTY_50,0.008724832,0.020601383885907598,0.009150103,0.010467513405377193
03-01-2022,17625.69922,17646.65039,17383.30078,17387.15039,200500,NIFTY_50,0.015653315812207858,0.031572124881117825,0.042185352,0.010179229862583794
04-01-2022,17805.25,17827.59961,17593.55078,17681.40039,247400,NIFTY_50,0.010186874,0.033191649862910344,0.036593223,0.009866429
05-01-2022,17925.25,17944.69922,17748.84961,17820.09961,251500,NIFTY_50,0.006739585,0.041342334,0.026073641580446116,0.009281238
06-01-2022,17745.90039,17797.94922,17655.55078,17768.5,236500,NIFTY_50,-0.010005417,0.031501556,0.013076026018252307,0.009611443
07-01-2022,17812.69922,17905,17704.55078,17797.59961,239300,NIFTY_50,0.003764184,0.026428898,0.017211653278362826,0.009632156
10-01-2022,18003.30078,18017.44922,17879.15039,17913.30078,232400,NIFTY_50,0.010700318921871732,0.021423352220734104,0.03656389,0.009621432
11-01-2022,18055.75,18081.25,17964.40039,17997.75,220200,NIFTY_50,0.002913311,0.014068884177419472,0.042184924178293226,0.009568979
12-01-2022,18212.34961,18227.94922,18128.80078,18170.40039,245000,NIFTY_50,0.008673116,0.016016491227458518,0.057541733,0.009477633
13-01-2022,18257.80078,18272.25,18163.80078,18257,303700,NIFTY_50,0.002495624,0.028846121039619588,0.058521391419788626,0.009473327
14-01-2022,18255.75,18286.94922,18119.65039,18185,229500,NIFTY_50,-0.000112324,0.024872748133738076,0.074803408,0.008501573
17-01-2022,18308.09961,18321.55078,18228.75,18235.65039,266700,NIFTY_50,0.002867568,0.016930164,0.10195498250155466,0.006041851
18-01-2022,18113.05078,18350.94922,18085.90039,18337.19922,227500,NIFTY_50,-0.010653691,0.003173548,0.080031793,0.006860072
19-01-2022,17938.40039,18129.19922,17884.90039,18129.19922,276700,NIFTY_50,-0.00964224,-0.015041948,0.057972582,0.007272354
20-01-2022,17757,17943.69922,17648.44922,17921,258100,NIFTY_50,-0.010112406,-0.027429414,0.04008765,0.007752099
21-01-2022,17617.15039,17707.59961,17485.84961,17613.69922,277600,NIFTY_50,-0.007875745,-0.034980738,0.036074418326839774,0.007954379
24-01-2022,17149.09961,17599.40039,16997.84961,17575.15039,323800,NIFTY_50,-0.026567905,-0.063305314,0.003678374,0.010126719859654004
25-01-2022,17277.94922,17309.15039,16836.80078,17001.55078,326500,NIFTY_50,0.007513491,-0.046104964,0.002593778,0.010082136704127114
27-01-2022,17110.15039,17182.5,16866.75,17062,395600,NIFTY_50,-0.009711733,-0.046171898,-0.006009738,0.010320488068095063
28-01-2022,17101.94922,17373.5,17077.09961,17208.30078,355300,NIFTY_50,-0.000479316,-0.036889721,-0.005928871,0.010320375
31-01-2022,17339.84961,17410,17264.15039,17301.05078,321700,NIFTY_50,0.013910718,-0.015740388,-0.00081832,0.010618478080519786
01-02-2022,17576.84961,17622.40039,17244.55078,17529.44922,386400,NIFTY_50,0.013667938611870323,0.024943000492350098,-0.002771499,0.010472846371697195
02-02-2022,17780,17794.59961,17674.80078,17706.19922,271200,NIFTY_50,0.011557838585399605,0.029057313162211162,-0.001418121,0.010547845551182369
03-02-2022,17560.19922,17781.15039,17511.15039,17767.75,226600,NIFTY_50,-0.012362249,0.026303031700503965,-0.020365171,0.010766324086545672
04-02-2022,17516.30078,17617.80078,17462.55078,17590.19922,261400,NIFTY_50,-0.002499883,0.024228324,-0.012938178,0.010563816827998682
07-02-2022,17213.59961,17536.75,17119.40039,17456.30078,265000,NIFTY_50,-0.017281113,-0.007280917,-0.033633286,0.01113897
08-02-2022,17266.75,17306.44922,17043.65039,17279.84961,268500,NIFTY_50,0.003087698,-0.017642502,-0.040911986,0.010820242746181024
09-02-2022,17463.80078,17477.15039,17339,17370.09961,236400,NIFTY_50,0.011412152,-0.017783983,-0.032784527,0.011185349044957927
10-02-2022,17605.84961,17639.44922,17427.15039,17554.09961,273600,NIFTY_50,0.008133901,0.002599651,-0.033301579,0.011159890477031345
11-02-2022,17374.75,17454.75,17303,17451,253100,NIFTY_50,-0.013126297,-0.008081089,-0.048365671,0.011399863984413587
14-02-2022,16842.80078,17099.5,16809.65039,17076.15039,305500,NIFTY_50,-0.030616223,-0.021541039,-0.077397489,0.013003529645465448
15-02-2022,17352.44922,17375,16839.25,16933.25,298700,NIFTY_50,0.030259126,0.004963251,-0.05219823,0.015041005
16-02-2022,17322.19922,17490.59961,17257.69922,17408.44922,244500,NIFTY_50,-0.00174327,-0.00810829,-0.043661975,0.01492042
17-02-2022,17304.59961,17442.90039,17235.84961,17396.55078,232100,NIFTY_50,-0.001016015,-0.01711079,-0.035332068,0.014815956866199471
18-02-2022,17276.30078,17380.80078,17219.19922,17236.05078,189600,NIFTY_50,-0.001635336,-0.005666224,-0.02707097,0.014683061830652436
21-02-2022,17206.65039,17351.05078,17070.69922,17192.25,215200,NIFTY_50,-0.004031557,0.021602678444077483,-0.023301158,0.014617031427302807
22-02-2022,17092.19922,17148.55078,16843.80078,16847.94922,300100,NIFTY_50,-0.006651566,-0.014997883,-0.003317981,0.013418226
23-02-2022,17063.25,17220.69922,17027.84961,17194.5,200200,NIFTY_50,-0.001693709,-0.014948981,-0.012426198,0.013301406293758124
24-02-2022,16247.9502,16705.25,16203.25,16548.90039,458000,NIFTY_50,-0.047781038,-0.061061766,-0.050391152,0.016915704760300382
25-02-2022,16658.40039,16748.80078,16478.30078,16515.65039,329800,NIFTY_50,0.025261660109649586,-0.035765781,-0.025935572,0.018016534970012814
28-02-2022,16793.90039,16815.90039,16356.2998,16481.59961,404200,NIFTY_50,0.008134034,-0.023987818,-0.031485234,0.017807345667454955
02-03-2022,16605.94922,16678.5,16478.65039,16593.09961,517700,NIFTY_50,-0.011191633,-0.02844865,-0.055237452,0.017562769
03-03-2022,16498.05078,16768.94922,16442.94922,16723.19922,442100,NIFTY_50,-0.006497577,-0.033123773,-0.072100631,0.017253211605242045
04-03-2022,16245.34961,16456,16133.7998,16339.4502,456100,NIFTY_50,-0.015317032,-0.000160056,-0.074876691,0.017344673
07-03-2022,15863.15039,15944.59961,15711.4502,15867.9502,585400,NIFTY_50,-0.023526685,-0.047738677,-0.094377826,0.017894129857666866
08-03-2022,16013.4502,16028.75,15671.4502,15747.75,543600,NIFTY_50,0.009474777,-0.046472242,-0.069721002,0.017911352828890854
09-03-2022,16345.34961,16418.05078,15990,16078,462200,NIFTY_50,0.020726290088294297,-0.015693147,-0.053362699,0.018668611547325076
10-03-2022,16594.90039,16757.30078,16447.90039,16757.09961,486400,NIFTY_50,0.015267387,0.005870367,-0.049754369,0.018839715557827177
11-03-2022,16630.44922,16694.40039,16470.90039,16528.80078,343700,NIFTY_50,0.002142154,0.023705221,-0.055402063,0.018710949494781026
14-03-2022,16871.30078,16887.94922,16606.5,16633.69922,314700,NIFTY_50,0.014482565042708062,0.063552974,-0.028975912,0.018916861788970934
15-03-2022,16663,16927.75,16555,16900.65039,381600,NIFTY_50,-0.012346457,0.040562764224141956,-0.010675231,0.017836855564974996
16-03-2022,16975.34961,16987.90039,16837.84961,16876.65039,260000,NIFTY_50,0.018745100484606647,0.038543072803940426,-0.02173178,0.016960019697631022
17-03-2022,17287.05078,17344.59961,17175.75,17202.90039,448300,NIFTY_50,0.018361988356508263,0.041708619776712696,-0.002029098,0.017498441343120213
21-03-2022,17117.59961,17353.34961,17096.40039,17329.5,285500,NIFTY_50,-0.009802202,0.029292677799452438,-0.010806375,0.017636239
22-03-2022,17315.5,17334.40039,17006.30078,17120.40039,338300,NIFTY_50,0.011561223252155806,0.026328688,0.002268959,0.017833114146486462
23-03-2022,17245.65039,17442.40039,17199.59961,17405.05078,292100,NIFTY_50,-0.004033935,0.034966716115045315,0.002266565,0.017833144321381177
24-03-2022,17222.75,17291.75,17091.15039,17094.94922,290300,NIFTY_50,-0.001327894,0.014574096929842684,0.007638033,0.017764057254607276
25-03-2022,17153,17294.90039,17076.55078,17289,237100,NIFTY_50,-0.004049876,-0.007754404,0.005259842,0.017787391852170924
28-03-2022,17222,17235.09961,17003.90039,17181.84961,253200,NIFTY_50,0.00402262,0.006099009,0.059949089,0.013702668893425559
29-03-2022,17325.30078,17343.65039,17235.69922,17297.19922,235100,NIFTY_50,0.005998187,0.000566012,0.040033879,0.012695875
30-03-2022,17498.25,17522.5,17387.19922,17468.15039,505000,NIFTY_50,0.009982466,0.014647148913114805,0.041940799516007266,0.012749179881022728
31-03-2022,17464.75,17559.80078,17435.19922,17519.19922,281100,NIFTY_50,-0.001914477,0.014051182302477816,0.051716452,0.012402912370204222
01-04-2022,17670.44922,17703.69922,17422.69922,17436.90039,291800,NIFTY_50,0.011777965258592316,0.030166689136011282,0.071062846,0.012370754407702878
04-04-2022,18053.40039,18114.65039,17791.40039,17809.09961,345500,NIFTY_50,0.021671841339984343,0.048275484,0.11129651406249796,0.012171089243053467
05-04-2022,17957.40039,18095.44922,17921.55078,18080.59961,283500,NIFTY_50,-0.005317558,0.036484193,0.13201980366003996,0.010456778669153033
06-04-2022,17807.65039,17901,17779.84961,17842.75,328800,NIFTY_50,-0.00833918,0.017681791,0.11204332441972453,0.010918044869635353
07-04-2022,17639.55078,17787.5,17623.69922,17723.30078,308800,NIFTY_50,-0.009439741,0.010008776607165926,0.079178556,0.010769136621430303
08-04-2022,17784.34961,17842.75,17600.55078,17698.15039,274400,NIFTY_50,0.008208759,0.006445812,0.071675587,0.010488025066296784
11-04-2022,17674.94922,17779.05078,17650.94922,17740.90039,251700,NIFTY_50,-0.006151498,-0.020962875,0.062806481,0.010707010153795377
12-04-2022,17530.30078,17595.30078,17442.34961,17584.84961,266000,NIFTY_50,-0.008183811,-0.023784044,0.039060414401027366,0.010638654430369248
13-04-2022,17475.65039,17663.65039,17457.40039,17599.90039,245100,NIFTY_50,-0.003117482,-0.018643672,0.048769753,0.010174993932672693
18-04-2022,17173.65039,17237.75,17067.84961,17183.44922,376100,NIFTY_50,-0.017281188,-0.026412259,0.011681691,0.010323000408207349
19-04-2022,16958.65039,17275.65039,16824.69922,17258.94922,401400,NIFTY_50,-0.012519179,-0.046428418,-0.018996901,0.009829061
20-04-2022,17136.55078,17186.90039,16978.94922,17045.25,286100,NIFTY_50,0.010490244596548015,-0.030461102,0.001107116,0.009910163
21-04-2022,17392.59961,17414.69922,17215.5,17234.59961,285200,NIFTY_50,0.014941678252146096,-0.007855038,0.004452635,0.01014201
22-04-2022,17171.94922,17315.30078,17149.19922,17242.75,262700,NIFTY_50,-0.012686453,-0.017378533,-0.004273609,0.010513062
25-04-2022,16953.94922,17054.30078,16888.69922,17009.05078,275700,NIFTY_50,-0.012695123,-0.012792922,-0.015607309,0.010880282168102435
26-04-2022,17200.80078,17223.84961,17064.44922,17121.30078,261100,NIFTY_50,0.014560121616207233,0.014278871552117378,0.00278673,0.011366347510755475
27-04-2022,17038.40039,17110.69922,16958.44922,17073.34961,265100,NIFTY_50,-0.009441444,-0.005727546,-0.01066076,0.011525658454800405
28-04-2022,17245.05078,17322.5,17071.05078,17189.5,312900,NIFTY_50,0.012128508890934642,-0.008483426,-0.004631954,0.011785395602085393
29-04-2022,17102.55078,17377.65039,17053.25,17329.25,336200,NIFTY_50,-0.00826324,-0.004041384,-0.022613645,0.011664011176607524
02-05-2022,17069.09961,17092.25,16917.25,16924.44922,278200,NIFTY_50,-0.001955917,0.006791951,-0.022654226,0.011664171163649125
04-05-2022,16677.59961,17132.84961,16623.94922,17096.59961,310600,NIFTY_50,-0.022936183,-0.030417257,-0.056187004,0.012219641
05-05-2022,16682.65039,16945.69922,16651.84961,16854.75,265800,NIFTY_50,0.000302848,-0.020879307,-0.075927524,0.010819814259468586
06-05-2022,16411.25,16484.19922,16340.90039,16415.55078,300500,NIFTY_50,-0.016268422,-0.048350149,-0.086101014,0.011167633
09-05-2022,16301.84961,16403.69922,16142.09961,16227.7002,288400,NIFTY_50,-0.006666183,-0.046817646,-0.084559206,0.011143067989469574
10-05-2022,16240.0498,16404.55078,16197.2998,16248.90039,283100,NIFTY_50,-0.003790969,-0.048570213,-0.07933881,0.011078637776028875
11-05-2022,16167.09961,16318.75,15992.59961,16270.0498,284300,NIFTY_50,-0.004491993,-0.030609921,-0.090936696,0.010695370667145898
12-05-2022,15808,16041.9502,15735.75,16021.09961,314900,NIFTY_50,-0.022211752,-0.052428743,-0.105626851,0.011390311911500616
13-05-2022,15782.15039,16083.59961,15740.84961,15977,369100,NIFTY_50,-0.001635223,-0.038333436,-0.099721643,0.011403348167375154
16-05-2022,15842.2998,15977.9502,15739.65039,15845.09961,217600,NIFTY_50,0.003811231,-0.028190041,-0.093464366,0.011573188439001686
17-05-2022,16259.2998,16284.25,15900.7998,15912.59961,295700,NIFTY_50,0.026321935902047233,0.001185341,-0.053241481,0.013109302013396907
18-05-2022,16240.2998,16399.80078,16211.2002,16318.15039,290400,NIFTY_50,-0.001168562,0.004527726,-0.042358948,0.012903652
19-05-2022,15809.40039,15984.75,15775.2002,15917.40039,313900,NIFTY_50,-0.026532725,8.85874636260553e-05,-0.077445596,0.013639662
20-05-2022,16266.15039,16283.0498,16003.84961,16043.7998,252400,NIFTY_50,0.028891038794289337,0.030667557,-0.064766006,0.014949435459044053
23-05-2022,16214.7002,16414.69922,16185.75,16290.9502,293800,NIFTY_50,-0.003163022,0.023506713,-0.055744925,0.014783337660057218
24-05-2022,16125.15039,16262.7998,16078.59961,16225.5498,249800,NIFTY_50,-0.005522754,-0.008250627,-0.048885296,0.014615694560456399
25-05-2022,16025.7998,16223.34961,16006.9502,16196.34961,243300,NIFTY_50,-0.006161219,-0.013207884,-0.06831083,0.014074457
26-05-2022,16170.15039,16204.4502,15903.7002,16105,314300,NIFTY_50,0.009007387,0.022818702233256438,-0.050958422,0.014263560448044724
27-05-2022,16352.4502,16370.59961,16221.9502,16296.59961,274100,NIFTY_50,0.011273847198922216,0.005305484,-0.051759812,0.014218589
30-05-2022,16661.40039,16695.5,16506.15039,16527.90039,251400,NIFTY_50,0.018893205092962884,0.027549087552148244,-0.025794421,0.014924242794529693
31-05-2022,16584.55078,16690.75,16521.90039,16578.44922,651600,NIFTY_50,-0.004612434,0.028489681,-0.028387486,0.014943132493913346
01-06-2022,16522.75,16649.19922,16438.84961,16594.40039,249600,NIFTY_50,-0.003726407,0.031009385,-0.009284886,0.014073541717078463
02-06-2022,16628,16646.40039,16443.05078,16481.65039,236000,NIFTY_50,0.006370005,0.028314492958608994,-0.003275882,0.014154024564889964
03-06-2022,16584.30078,16793.84961,16567.90039,16761.65039,245500,NIFTY_50,-0.00262805,0.014178339219401037,0.010544643537207632,0.013652106873745776
06-06-2022,16569.55078,16610.94922,16444.55078,16530.69922,233600,NIFTY_50,-0.000889395,-0.005512718,0.016421521378840787,0.013550731335737242
07-06-2022,16416.34961,16487.25,16347.09961,16469.59961,233800,NIFTY_50,-0.009245946,-0.01014204,0.010855866010744286,0.013704186629494734
08-06-2022,16356.25,16514.30078,16293.34961,16474.94922,243500,NIFTY_50,-0.003660961,-0.010077015,0.011699710844567113,0.013689094046280834
09-06-2022,16478.09961,16492.80078,16243.84961,16263.84961,205000,NIFTY_50,0.007449728,-0.009014938,0.042389904,0.012646622864345196
10-06-2022,16201.7998,16324.7002,16172.59961,16283.9502,189700,NIFTY_50,-0.016767698,-0.02306404,0.026590129,0.013319978273165634
13-06-2022,15774.40039,15886.15039,15684,15877.5498,225500,NIFTY_50,-0.026379749,-0.047988651,-0.004285957,0.014673924
14-06-2022,15732.09961,15858,15659.4502,15674.25,225400,NIFTY_50,-0.002681609,-0.041681008,-0.032424533,0.013292087
15-06-2022,15692.15039,15783.65039,15678.90039,15729.25,183000,NIFTY_50,-0.002539344,-0.040602192,-0.03375242,0.013293481902315824
16-06-2022,15360.59961,15863.15039,15335.09961,15832.25,264700,NIFTY_50,-0.021128448,-0.067817286,-0.028388223,0.012806688418954854
17-06-2022,15293.5,15400.40039,15183.40039,15272.65039,342600,NIFTY_50,-0.004368294,-0.056061661,-0.059795979,0.010649331152196871
20-06-2022,15350.15039,15382.5,15191.09961,15334.5,260000,NIFTY_50,0.003704214,-0.026894842,-0.053318889,0.010754801146591744
21-06-2022,15638.7998,15707.25,15419.84961,15455.9502,262800,NIFTY_50,0.018804337854487096,-0.005930537,-0.030160995,0.011746417658097124
22-06-2022,15413.2998,15565.40039,15385.9502,15545.65039,220900,NIFTY_50,-0.014419265,-0.017770068,-0.038219621,0.012061133415966083
23-06-2022,15556.65039,15628.4502,15367.5,15451.5498,259200,NIFTY_50,0.009300448,0.012763224498758774,-0.037940278,0.012075223
24-06-2022,15699.25,15749.25,15619.4502,15657.40039,219600,NIFTY_50,0.009166473,0.026530879131657192,-0.039945096,0.011963236063489462
27-06-2022,15832.0498,15927.4502,15815.5,15926.2002,210900,NIFTY_50,0.00845899,0.031393791057370724,-0.049776763,0.011209373
28-06-2022,15850.2002,15892.09961,15710.15039,15757.4502,251900,NIFTY_50,0.001146433,0.013517686348388125,-0.044279197,0.011225927869762418
29-06-2022,15799.09961,15861.59961,15687.7998,15701.7002,444900,NIFTY_50,-0.003223971,0.025030319,-0.043797212,0.011222898083994643
30-06-2022,15780.25,15890,15728.84961,15774.5,306000,NIFTY_50,-0.001193081,0.014373248981011333,-0.050983281,0.011045785448481374
01-07-2022,15752.0498,15793.9502,15511.0498,15703.7002,364100,NIFTY_50,-0.001787056,0.003363206,-0.050183061,0.011047092449981932
04-07-2022,15835.34961,15852.34961,15661.7998,15710.5,304300,NIFTY_50,0.005288188,0.000208426,-0.044310264,0.011180428185045756
05-07-2022,15810.84961,16025.75,15785.4502,15909.15039,254200,NIFTY_50,-0.001547171,-0.002482655,-0.036883961,0.011057061970199147
06-07-2022,15989.7998,16011.34961,15800.90039,15818.2002,288400,NIFTY_50,0.011318189707300252,0.012070320463030804,-0.022404292,0.011426849076221421
07-07-2022,16132.90039,16150.5,16045.9502,16113.75,264600,NIFTY_50,0.008949492,0.022347579,-0.02094897,0.011490445721268436
08-07-2022,16220.59961,16275.5,16157.90039,16273.65039,281100,NIFTY_50,0.005436048,0.029745323,0.001160353,0.01094605
11-07-2022,16216,16248.5498,16115.5,16136.15039,255900,NIFTY_50,-0.000283566,0.024038016211504587,0.0279947,0.009004759
12-07-2022,16058.2998,16158.75,16031.15039,16126.2002,208600,NIFTY_50,-0.009724975,0.015650657708221827,0.020734689,0.009306296
13-07-2022,15966.65039,16140,15950.15039,16128.2002,233300,NIFTY_50,-0.005707293,-0.001447761,0.017492822409094222,0.009397438
14-07-2022,15938.65039,16070.84961,15858.2002,16018.84961,228600,NIFTY_50,-0.001753655,-0.012040612,0.037632045,0.007882618
15-07-2022,16049.2002,16066.9502,15927.2998,16010.7998,205800,NIFTY_50,0.006935958,-0.010566774,0.049413162,0.007816144
18-07-2022,16278.5,16287.9502,16142.2002,16151.40039,227700,NIFTY_50,0.014287304158276504,0.003854218,0.060478209,0.008252073
19-07-2022,16340.5498,16359.5,16187.0498,16187.0498,222600,NIFTY_50,0.003811764,0.017576580549181875,0.044872369284352676,0.007372276
20-07-2022,16520.84961,16588,16490.94922,16562.80078,284400,NIFTY_50,0.011033889,0.034709799,0.071856761,0.006492644
21-07-2022,16605.25,16626.94922,16483.90039,16523.55078,243600,NIFTY_50,0.00510872,0.041822839013213375,0.067405231,0.006361734
22-07-2022,16719.44922,16752.25,16610.90039,16661.25,190900,NIFTY_50,0.006877296,0.041762145,0.064983946,0.006270303
25-07-2022,16631,16706.05078,16564.25,16662.55078,211400,NIFTY_50,-0.005290199,0.021654329,0.050464103,0.006412201
26-07-2022,16483.84961,16636.09961,16463.30078,16632.90039,208200,NIFTY_50,-0.008847958,0.008769583,0.039977376074397775,0.006893331
27-07-2022,16641.80078,16653.44922,16438.75,16475.34961,185200,NIFTY_50,0.009582177,0.007321123,0.053338557,0.006978318
28-07-2022,16929.59961,16947.65039,16746.25,16774.84961,376300,NIFTY_50,0.017293731123692924,0.019532955503530403,0.07283469,0.00763909
29-07-2022,17158.25,17172.80078,17018.15039,17079.5,436100,NIFTY_50,0.013505953826479233,0.026244930410620704,0.089270934,0.007839611
01-08-2022,17340.05078,17356.25,17154.80078,17243.19922,381500,NIFTY_50,0.010595531668439406,0.042634284,0.095021658,0.007963185
02-08-2022,17345.44922,17390.15039,17215.84961,17310.15039,333600,NIFTY_50,0.000311328,0.05226932,0.097059908,0.007898515
03-08-2022,17388.15039,17407.5,17225.84961,17349.25,285400,NIFTY_50,0.002461808,0.044847888,0.087452664,0.007753217
04-08-2022,17382,17490.69922,17161.25,17463.09961,325000,NIFTY_50,-0.000353712,0.026722451,0.077425607,0.007734166
05-08-2022,17397.5,17474.40039,17348.75,17423.65039,355300,NIFTY_50,0.000891727,0.013943729692713402,0.072555912,0.007749196
08-08-2022,17525.09961,17548.80078,17359.75,17401.5,257000,NIFTY_50,0.007334365,0.010671758143009358,0.080728886,0.007738746
10-08-2022,17534.75,17566.09961,17442.80078,17566.09961,312700,NIFTY_50,0.000550661,0.010913570404701423,0.091943121,0.007100077
11-08-2022,17659,17719.30078,17631.94922,17711.65039,311200,NIFTY_50,0.007085929,0.015576677,0.10599277669214091,0.006703805
12-08-2022,17698.15039,17724.65039,17597.84961,17659.65039,303900,NIFTY_50,0.002217022,0.018188378243297665,0.1103920317516296,0.006548037
16-08-2022,17825.25,17839.09961,17764.05078,17797.19922,0,NIFTY_50,0.007181519,0.024586865929012713,0.11066282326057797,0.006551555
17-08-2022,17944.25,17965.94922,17833.34961,17868.15039,262800,NIFTY_50,0.006675923,0.023917147403874184,0.102328224,0.006213248
18-08-2022,17956.5,17968.44922,17852.05078,17898.65039,263900,NIFTY_50,0.00068267,0.024052239125165853,0.098892033,0.006281155
19-08-2022,17758.44922,17992.19922,17710.75,17966.55078,295600,NIFTY_50,-0.011029476,0.005631645,0.074911378,0.007013319
22-08-2022,17490.69922,17690.05078,17467.34961,17682.90039,287600,NIFTY_50,-0.01507733,-0.01172163,0.05332345,0.008151281
23-08-2022,17577.5,17625.55078,17345.19922,17357.34961,285600,NIFTY_50,0.004962682,-0.013898823,0.051320517,0.008109943
24-08-2022,17604.94922,17623.65039,17499.25,17525.44922,262000,NIFTY_50,0.001561611,-0.018908608,0.058562276,0.007904013
25-08-2022,17522.44922,17726.5,17487.44922,17679,230200,NIFTY_50,-0.004686182,-0.024172349,0.063007103,0.00762902
26-08-2022,17558.90039,17685.84961,17519.34961,17619.30078,266600,NIFTY_50,0.002080256,-0.011236839,0.055108195,0.007475768
29-08-2022,17312.90039,17380.15039,17166.19922,17188.65039,244900,NIFTY_50,-0.014009989,-0.010165336,0.022640865,0.007538937
30-08-2022,17759.30078,17777.65039,17401.5,17414.94922,324700,NIFTY_50,0.025784264,0.010342812188877781,0.035029841694228736,0.008963629
01-09-2022,17542.80078,17695.59961,17468.44922,17485.69922,308500,NIFTY_50,-0.012190795,-0.003530169,0.011692584,0.009225909
02-09-2022,17539.44922,17643.84961,17476.44922,17598.40039,256300,NIFTY_50,-0.000191051,0.000970184,0.011184489807867903,0.009227482
05-09-2022,17665.80078,17683.15039,17540.34961,17546.44922,230300,NIFTY_50,0.00720385,0.006088103,0.015967793260788676,0.009338191
06-09-2022,17655.59961,17764.65039,17587.65039,17695.69922,251200,NIFTY_50,-0.000577453,0.019794442930866296,0.015740398652341447,0.009339823
07-09-2022,17624.40039,17650.75,17484.30078,17519.40039,354100,NIFTY_50,-0.0017671,-0.007596042,0.013042126203477444,0.009357691
08-09-2022,17798.75,17807.65039,17691.94922,17748.15039,279800,NIFTY_50,0.009892513,0.014589986054197368,0.015614769486309354,0.009470105
09-09-2022,17833.34961,17925.94922,17786,17923.34961,270300,NIFTY_50,0.001943935,0.016756534766828146,0.017029020053037636,0.009473163
12-09-2022,17936.34961,17980.55078,17889.15039,17890.84961,228200,NIFTY_50,0.005775696,0.015314835227404622,0.01570585,0.009432482
13-09-2022,18070.05078,18088.30078,18015.44922,18044.44922,259900,NIFTY_50,0.007454202,0.023474205,0.021013517368572154,0.009545281
14-09-2022,18003.75,18091.55078,17771.15039,17771.15039,365900,NIFTY_50,-0.003669098,0.021524114350964796,0.010013884798249606,0.009488634
15-09-2022,17877.40039,18096.15039,17861.5,18046.34961,289600,NIFTY_50,-0.007017961,0.004418872,-0.003725406,0.009516669
16-09-2022,17530.84961,17820.05078,17497.25,17796.80078,468500,NIFTY_50,-0.019384853,-0.016962601,-0.02370453,0.010438226988339577
19-09-2022,17622.25,17667.19922,17429.69922,17540.65039,258300,NIFTY_50,0.005213689,-0.017511903,-0.007669545,0.010259223800888112
20-09-2022,17816.25,17919.30078,17744.40039,17770.40039,263100,NIFTY_50,0.011008809885230342,-0.014045383,0.018612793987161425,0.009939556
21-09-2022,17718.34961,17838.69922,17663.59961,17766.34961,245500,NIFTY_50,-0.005495005,-0.015852275,0.008013063,0.00999335
22-09-2022,17629.80078,17722.75,17532.44922,17609.65039,284100,NIFTY_50,-0.004997578,-0.013849867,0.001411624,0.010062219206205444
23-09-2022,17327.34961,17642.15039,17291.65039,17593.84961,390800,NIFTY_50,-0.017155677,-0.011608108,-0.011134266,0.010739143474654156
26-09-2022,17016.30078,17196.40039,16978.30078,17156.30078,492000,NIFTY_50,-0.017951322,-0.034385463,-0.030901685,0.011399177138604883
27-09-2022,17007.40039,17176.44922,16942.34961,17110.90039,359900,NIFTY_50,-0.000523051,-0.045399543,-0.017645801,0.011012959
28-09-2022,16858.59961,17037.59961,16820.40039,16870.55078,323900,NIFTY_50,-0.008749178,-0.048523142,-0.050717153,0.00917386
29-09-2022,16818.09961,17026.05078,16788.59961,16993.59961,340000,NIFTY_50,-0.002402335,-0.046041426,-0.04131046,0.008889658
30-09-2022,17094.34961,17187.09961,16747.69922,16798.05078,376100,NIFTY_50,0.016425756,-0.01344695,-0.025377057,0.009803953
03-10-2022,16887.34961,17114.65039,16855.55078,17102.09961,278400,NIFTY_50,-0.012109264,-0.007578097,-0.044065434,0.009879481
04-10-2022,17274.30078,17287.30078,17117.30078,17147.44922,226000,NIFTY_50,0.022913671,0.015693191,-0.021596481,0.011367430984917347
06-10-2022,17331.80078,17428.80078,17315.65039,17379.25,265500,NIFTY_50,0.003328644,0.028068830320393534,-0.016601961,0.011407071693034848
07-10-2022,17314.65039,17337.34961,17216.94922,17287.19922,216300,NIFTY_50,-0.000989533,0.029524785367141204,-0.027198517,0.011127575
10-10-2022,17241,17280.15039,17064.69922,17094.34961,234000,NIFTY_50,-0.004253646,0.008578881,-0.033215836,0.011118216
11-10-2022,16983.55078,17261.80078,16950.30078,17256.05078,282600,NIFTY_50,-0.014932383,0.005696641,-0.053121112,0.011354093486489674
12-10-2022,17123.59961,17142.34961,16960.05078,17025.55078,256000,NIFTY_50,0.008246145,-0.00872401,-0.052376785,0.011392554645161729
13-10-2022,17014.34961,17112.34961,16956.94922,17087.34961,266400,NIFTY_50,-0.006380084,-0.01831611,-0.054955239,0.011421725254724258
14-10-2022,17185.69922,17348.55078,17169.75,17322.30078,227000,NIFTY_50,0.010070888003887335,-0.007447518,-0.038691373,0.011721705414659589
17-10-2022,17311.80078,17328.55078,17098.55078,17144.80078,212200,NIFTY_50,0.007337587,0.004106536,-0.012495049,0.011132665217226683
18-10-2022,17486.94922,17527.80078,17434.05078,17438.75,239500,NIFTY_50,0.010117285874136073,0.029640353,-0.007677838,0.011319174
19-10-2022,17512.25,17607.59961,17472.84961,17568.15039,210500,NIFTY_50,0.001446838,0.022696769341197243,-0.017063074,0.011013083412527401
20-10-2022,17563.94922,17584.15039,17421,17423.09961,249600,NIFTY_50,0.002952175,0.032302122737161154,-0.008714152,0.010985598810634342
21-10-2022,17576.30078,17670.15039,17520.75,17622.84961,277700,NIFTY_50,0.000703234,0.02272829,-0.003034634,0.010933323128997937
24-10-2022,17730.75,17777.55078,17707.40039,17736.34961,45000,NIFTY_50,0.008787356,0.024200210252173893,0.023281136,0.010324732853649725
25-10-2022,17656.34961,17811.5,17637,17808.30078,251400,NIFTY_50,-0.004196122,0.009687247,0.037613864,0.009398302
27-10-2022,17736.94922,17783.90039,17654.5,17771.40039,324600,NIFTY_50,0.004564908,0.012830973675570068,0.042895964,0.009398417
28-10-2022,17786.80078,17838.90039,17723.69922,17756.40039,250000,NIFTY_50,0.002810605,0.012688009952915413,0.055058023,0.009041931
31-10-2022,18012.19922,18022.80078,17899.90039,17910.19922,227200,NIFTY_50,0.012672230395564199,0.024800352,0.071000864,0.009218852
01-11-2022,18145.40039,18175.80078,18060.15039,18130.69922,349900,NIFTY_50,0.007395053,0.023385947612199143,0.061485274682435254,0.008760975
02-11-2022,18082.84961,18178.75,18048.65039,18177.90039,270900,NIFTY_50,-0.003447198,0.024155615936237496,0.070792636,0.008167469
03-11-2022,18052.69922,18106.30078,17959.19922,17968.34961,213000,NIFTY_50,-0.001667347,0.017801821277484198,0.045061067730445936,0.006824676
04-11-2022,18117.15039,18135.09961,18017.15039,18053.40039,267900,NIFTY_50,0.003570168,0.018572739046093023,0.045312638,0.006826939
07-11-2022,18202.80078,18255.5,18064.75,18211.75,314800,NIFTY_50,0.004727586,0.010581804042095522,0.051294734,0.006804232
09-11-2022,18157,18296.40039,18117.5,18288.25,307200,NIFTY_50,-0.002516139,0.000639259,0.053129169,0.006723727
10-11-2022,18028.19922,18103.09961,17969.40039,18044.34961,256500,NIFTY_50,-0.007093726,-0.003022222,0.061509425,0.005814082
11-11-2022,18349.69922,18362.30078,18259.34961,18272.34961,378500,NIFTY_50,0.017833173247033374,0.016451833401817773,0.071602913,0.006609704
14-11-2022,18329.15039,18399.44922,18311.40039,18376.40039,301400,NIFTY_50,-0.001119846,0.011701619483696746,0.077275994,0.006293618
15-11-2022,18403.40039,18427.94922,18282,18362.75,250900,NIFTY_50,0.004050924,0.011020260661295023,0.070855492,0.006116745
16-11-2022,18409.65039,18442.15039,18344.15039,18398.25,219300,NIFTY_50,0.000339611,0.013914765,0.063416257,0.006082501
17-11-2022,18343.90039,18417.59961,18312.94922,18358.69922,200500,NIFTY_50,-0.003571496,0.017511520038377304,0.049005184,0.006020763
18-11-2022,18307.65039,18394.59961,18209.80078,18382.94922,198800,NIFTY_50,-0.001976134,-0.002291527,0.045419657,0.006097805
21-11-2022,18159.94922,18262.30078,18133.34961,18246.40039,213800,NIFTY_50,-0.00806773,-0.009231261,0.033933142972410346,0.006513841
22-11-2022,18244.19922,18261.84961,18137.69922,18179.15039,177700,NIFTY_50,0.00463933,-0.008650639,0.037999944,0.006541861
23-11-2022,18267.25,18325.40039,18246,18325.19922,178800,NIFTY_50,0.001263458,-0.007735095,0.030258167308207407,0.006337286
24-11-2022,18484.09961,18529.69922,18294.25,18326.09961,204000,NIFTY_50,0.011870949889830174,0.007642825,0.046881151444831515,0.006589172
25-11-2022,18512.75,18534.90039,18445.09961,18528.44922,205900,NIFTY_50,0.001550002,0.011202945489937166,0.043739246,0.006569421
28-11-2022,18562.75,18614.25,18365.59961,18430.55078,206500,NIFTY_50,0.002700841,0.022180721784954782,0.043625002,0.006568898
29-11-2022,18618.05078,18678.09961,18552.15039,18552.44922,195300,NIFTY_50,0.002979127,0.020491530377271028,0.033635624,0.006092615
30-11-2022,18758.34961,18816.05078,18616.55078,18625.69922,345600,NIFTY_50,0.007535635,0.026884156584871866,0.033779867,0.006099641
01-12-2022,18812.5,18887.59961,18778.19922,18871.94922,325000,NIFTY_50,0.002886735,0.017766642550359313,0.04035041,0.005982731
02-12-2022,18696.09961,18781.94922,18639.19922,18752.40039,254400,NIFTY_50,-0.006187396,0.009903964,0.035640121337464414,0.006209506
05-12-2022,18701.05078,18728.59961,18591.34961,18719.55078,288400,NIFTY_50,0.000264824,0.007450447,0.032229152,0.006203077
06-12-2022,18642.75,18654.90039,18577.90039,18600.65039,217800,NIFTY_50,-0.003117514,0.001326628,0.024169315,0.006243173
07-12-2022,18560.5,18668.30078,18528.40039,18638.84961,200500,NIFTY_50,-0.004411903,-0.010547282,0.022222834168640127,0.006316733
08-12-2022,18609.34961,18625,18536.94922,18570.84961,202800,NIFTY_50,0.002631912,-0.010798692,0.032235631721918345,0.00601858
09-12-2022,18496.59961,18664.69922,18410.09961,18662.40039,215800,NIFTY_50,-0.006058782,-0.010670675,0.008005602,0.004893972
12-12-2022,18497.15039,18521.55078,18345.69922,18402.15039,193900,NIFTY_50,2.977743269738653e-05,-0.010903152,0.009165728,0.004881792
13-12-2022,18608,18617.25,18490.19922,18524.40039,187600,NIFTY_50,0.005992794,-0.001863995,0.011117489,0.004975228
14-12-2022,18660.30078,18696.09961,18632.90039,18671.25,208000,NIFTY_50,0.002810661,0.005377052,0.013615162988246832,0.004999965
15-12-2022,18414.90039,18652.90039,18387.69922,18614.40039,183100,NIFTY_50,-0.013150934,-0.010449007,0.003870496,0.005820937
16-12-2022,18269,18440.94922,18255.15039,18319.09961,277700,NIFTY_50,-0.007922953,-0.012304943,-0.002111161,0.006084371
19-12-2022,18420.44922,18431.65039,18244.55078,18288.09961,154800,NIFTY_50,0.008289957,-0.004146648,0.014344753768971819,0.006054616
20-12-2022,18385.30078,18404.90039,18202.65039,18340.30078,169000,NIFTY_50,-0.001908121,-0.011967929,0.007734051,0.006008941
21-12-2022,18199.09961,18473.34961,18162.75,18435.15039,187600,NIFTY_50,-0.01012772,-0.024715634,-0.003730742,0.006446931
22-12-2022,18127.34961,18318.75,18068.59961,18288.80078,195700,NIFTY_50,-0.003942503,-0.015615115,-0.019300372,0.005833348
23-12-2022,17806.80078,18050.44922,17779.5,17977.65039,221500,NIFTY_50,-0.01768316,-0.025299645,-0.038133136,0.006888147
26-12-2022,18014.59961,18084.09961,17774.25,17830.40039,176700,NIFTY_50,0.011669632893506865,-0.022032558,-0.02952959,0.007471978
27-12-2022,18132.30078,18149.25,17967.44922,18089.80078,214300,NIFTY_50,0.006533655,-0.013760993,-0.026090272,0.007624123
28-12-2022,18122.5,18173.09961,18068.34961,18084.75,193900,NIFTY_50,-0.000540515,-0.004208978,-0.033896884,0.007340492
29-12-2022,18191,18229.69922,17992.80078,18045.69922,281100,NIFTY_50,0.003779832,0.003511291,-0.033036545,0.007372491
30-12-2022,18105.30078,18265.25,18080.30078,18259.09961,192000,NIFTY_50,-0.004711078,0.016763258244249624,-0.031600111,0.007331975
02-01-2023,18197.44922,18215.15039,18086.5,18131.69922,256100,NIFTY_50,0.005089583,0.010150079010351254,-0.026929052,0.007473821
03-01-2023,18232.55078,18251.94922,18149.80078,18163.19922,208700,NIFTY_50,0.001928928,0.005528807,-0.02200315,0.007495712
04-01-2023,18042.94922,18243,18020.59961,18230.65039,235200,NIFTY_50,-0.010399069,-0.004389614,-0.027884528,0.007750786
05-01-2023,17992.15039,18120.30078,17892.59961,18101.94922,269900,NIFTY_50,-0.002815439,-0.010931208,-0.033166082,0.007697752
06-01-2023,17859.44922,18047.40039,17795.55078,18008.05078,238200,NIFTY_50,-0.007375504,-0.013578983,-0.034446893,0.007742881
09-01-2023,18101.19922,18141.40039,17936.15039,17952.55078,257200,NIFTY_50,0.013536251708490266,-0.005289203,-0.021406063,0.008459603
10-01-2023,17914.15039,18127.59961,17856,18121.30078,283300,NIFTY_50,-0.010333505,-0.017463294,-0.037287705,0.00853191
11-01-2023,17895.69922,17976.34961,17824.34961,17924.25,259900,NIFTY_50,-0.001029978,-0.008161083,-0.040974772,0.00846412
12-01-2023,17858.19922,17945.80078,17761.65039,17920.84961,227800,NIFTY_50,-0.002095476,-0.007444978,-0.030231017,0.008052361
13-01-2023,17956.59961,17999.34961,17774.25,17867.5,256700,NIFTY_50,0.005510096,0.005439719,-0.017100027,0.008048901
16-01-2023,17894.84961,18049.65039,17853.65039,18033.15039,206200,NIFTY_50,-0.003438847,-0.011399776,-0.028533485,0.00777187
17-01-2023,18053.30078,18072.05078,17886.94922,17922.80078,219100,NIFTY_50,0.008854569,0.007767624,-0.018057904,0.008101733
18-01-2023,18165.34961,18183.75,18032.44922,18074.30078,255800,NIFTY_50,0.006206556,0.015067887950557246,-0.001854487,0.007942113
19-01-2023,18107.84961,18155.19922,18063.75,18119.80078,237800,NIFTY_50,-0.003165367,0.013979594894589553,-0.001075723,0.007924013
20-01-2023,18027.65039,18145.44922,18016.19922,18115.59961,237200,NIFTY_50,-0.004428975,0.003956806,0.012402542831138286,0.006850979
23-01-2023,18118.55078,18162.59961,18063.44922,18118.44922,202500,NIFTY_50,0.005042276,0.012500869063342357,0.005770385,0.006437134
24-01-2023,18118.30078,18201.25,18078.65039,18183.94922,216900,NIFTY_50,-1.38E-05,0.00360045,-0.000772103,0.006268092
25-01-2023,17891.94922,18100.59961,17846.15039,18093.34961,257200,NIFTY_50,-0.01249298,-0.015050654,-0.012721798,0.006861995
27-01-2023,17604.34961,17884.75,17493.55078,17877.19922,476300,NIFTY_50,-0.016074247,-0.027805621,-0.032249485,0.007589861
30-01-2023,17648.94922,17709.15039,17405.55078,17541.94922,432400,NIFTY_50,0.002533443,-0.021006685,-0.025205412,0.007606941
31-01-2023,17662.15039,17735.69922,17537.55078,17731.44922,398300,NIFTY_50,0.000747986,-0.025189674,-0.029416146,0.007477409
01-02-2023,17616.30078,17972.19922,17353.40039,17811.59961,512900,NIFTY_50,-0.002595925,-0.027706792,-0.03379944,0.007437658
02-02-2023,17610.40039,17653.90039,17445.94922,17517.09961,490100,NIFTY_50,-0.000334939,-0.015736062,-0.023973289,0.007152506
03-02-2023,17854.05078,17870.30078,17584.19922,17721.75,424100,NIFTY_50,0.013835596307890219,0.014184061178950103,-0.007675548,0.007884735
06-02-2023,17764.59961,17823.69922,17698.34961,17818.55078,282500,NIFTY_50,-0.005010133,0.00655282,-0.005310892,0.007791081
07-02-2023,17721.5,17811.15039,17652.55078,17790.09961,354400,NIFTY_50,-0.002426151,0.003360271,-0.020976468,0.007092087
08-02-2023,17871.69922,17898.69922,17744.15039,17750.30078,291000,NIFTY_50,0.008475536,0.014497847230891647,-0.002369701,0.007041134
09-02-2023,17893.44922,17916.90039,17779.80078,17885.5,260900,NIFTY_50,0.001217008,0.016072822,-0.000125729,0.007043357
10-02-2023,17856.5,17876.94922,17801,17847.55078,232000,NIFTY_50,-0.002064958,0.00013718,-9.52E-05,0.007042878
13-02-2023,17770.90039,17880.69922,17719.75,17859.09961,231300,NIFTY_50,-0.004793751,0.000354682,-0.010341558,0.006996763
14-02-2023,17929.84961,17954.55078,17800.05078,17840.34961,244500,NIFTY_50,0.008944354,0.011756883411393027,0.00195587,0.007265422
15-02-2023,18015.84961,18034.09961,17853.80078,17896.59961,229300,NIFTY_50,0.004796471,0.008065847,-0.002074478,0.007062565
16-02-2023,18035.84961,18134.75,18000.65039,18094.75,230200,NIFTY_50,0.001110134,0.007958242,-0.007128957,0.006914183
17-02-2023,17944.19922,18034.25,17884.59961,17974.84961,208100,NIFTY_50,-0.005081568,0.004911333,-0.009037539,0.006968532
20-02-2023,17844.59961,18004.34961,17818.40039,17965.55078,174600,NIFTY_50,-0.005550518,0.004147185,-0.01015389,0.007006808
21-02-2023,17826.69922,17924.90039,17800.30078,17905.80078,198200,NIFTY_50,-0.001003126,-0.005752998,-0.016107887,0.006885072
22-02-2023,17554.30078,17772.5,17529.44922,17755.34961,204000,NIFTY_50,-0.015280363,-0.025619043,-0.031128747,0.007603403
23-02-2023,17511.25,17620.05078,17455.40039,17574.65039,240800,NIFTY_50,-0.002452435,-0.029086493,-0.021277683,0.007161654
24-02-2023,17465.80078,17599.75,17421.80078,17591.34961,209400,NIFTY_50,-0.00259543,-0.026660339,-0.007870148,0.00624956
27-02-2023,17392.69922,17451.59961,17299,17428.59961,246400,NIFTY_50,-0.004185411,-0.02532421,-0.014519278,0.006265472
28-02-2023,17303.94922,17440.44922,17255.19922,17383.25,420900,NIFTY_50,-0.005102716,-0.029323993,-0.020280723,0.006329952
01-03-2023,17450.90039,17467.75,17345.25,17360.09961,272900,NIFTY_50,0.008492349,-0.005890317,-0.009389054,0.006660239
02-03-2023,17321.90039,17445.80078,17306,17421.5,310700,NIFTY_50,-0.007392169,-0.010813026,-0.016382365,0.006838359
03-03-2023,17594.34961,17644.75,17427.69922,17451.25,356200,NIFTY_50,0.015728598629827895,0.007360031,-0.014545784,0.007061115
06-03-2023,17711.44922,17799.94922,17671.94922,17680.34961,362800,NIFTY_50,0.006655524,0.018326655109195178,-0.002991927,0.007168105
08-03-2023,17754.40039,17766.5,17602.25,17665.75,267000,NIFTY_50,0.002425051,0.026031698,0.001856524,0.007168233
09-03-2023,17589.59961,17772.34961,17573.59961,17772.05078,262400,NIFTY_50,-0.00928225,0.007947969,-0.015784711,0.007178206
10-03-2023,17412.90039,17451.5,17324.34961,17443.80078,235900,NIFTY_50,-0.010045665,0.005253465,-0.026856132,0.007450667
13-03-2023,17154.30078,17529.90039,17113.44922,17421.90039,254900,NIFTY_50,-0.014851036,-0.025010804,-0.039324572,0.008041802
14-03-2023,17043.30078,17224.65039,16987.09961,17160.55078,290600,NIFTY_50,-0.006470681,-0.037724098,-0.040943317,0.008081402
15-03-2023,16972.15039,17211.34961,16938.90039,17166.44922,248200,NIFTY_50,-0.004174684,-0.0440595,-0.053413678,0.007663036
16-03-2023,16985.59961,17062.44922,16850.15039,16994.65039,349800,NIFTY_50,0.000792429,-0.034338473,-0.057185757,0.007507241
17-03-2023,17100.05078,17145.80078,16958.15039,17111.80078,408100,NIFTY_50,0.00673813,-0.017966542,-0.051885486,0.007766974
20-03-2023,16988.40039,17066.59961,16828.34961,17066.59961,241800,NIFTY_50,-0.006529243,-0.009671067,-0.053265059,0.007797691
21-03-2023,17107.5,17127.69922,17016,17060.40039,246700,NIFTY_50,0.007010643,0.00376683,-0.041306593,0.008057892
22-03-2023,17151.90039,17207.25,17107.84961,17177.44922,0,NIFTY_50,0.002595376,0.010590879521035212,-0.037853268,0.008123024
23-03-2023,17076.90039,17205.40039,17045.30078,17097.40039,219200,NIFTY_50,-0.004372693,0.005375187,-0.027195637,0.007520971
24-03-2023,16945.05078,17109.44922,16917.34961,17076.19922,228000,NIFTY_50,-0.007720933,-0.009064301,-0.032333455,0.007652699
27-03-2023,16985.69922,17091,16918.55078,16984.30078,218400,NIFTY_50,0.002398838,-0.000159001,-0.027488093,0.007700332
28-03-2023,16951.69922,17061.75,16913.75,17031.75,238800,NIFTY_50,-0.002001684,-0.009107162,-0.025355466,0.007673664
29-03-2023,17080.69922,17126.15039,16940.59961,16977.30078,345900,NIFTY_50,0.007609857,-0.004151212,-0.012901679,0.00786239
31-03-2023,17359.75,17381.59961,17204.65039,17210.34961,263900,NIFTY_50,0.016337198944623932,0.016563287417796335,-0.005223249,0.008509921
03-04-2023,17398.05078,17428.05078,17312.75,17427.94922,230200,NIFTY_50,0.002206298,0.026733469604071747,0.004396191,0.008353821
05-04-2023,17557.05078,17570.55078,17402.69922,17422.30078,248300,NIFTY_50,0.009138955,0.033637212,-0.002119932,0.007824482
06-04-2023,17599.15039,17638.69922,17502.84961,17533.84961,242700,NIFTY_50,0.002397875,0.038193880360905874,-0.006340465,0.007688403
10-04-2023,17624.05078,17694.09961,17597.94922,17634.90039,254800,NIFTY_50,0.001414863,0.031810850102877986,-0.00734182,0.007672931
11-04-2023,17722.30078,17748.75,17655.15039,17704.80078,304300,NIFTY_50,0.005574768,0.020884562349688274,0.007544297,0.00747839
12-04-2023,17812.40039,17825.75,17717.25,17759.55078,232800,NIFTY_50,0.005083968,0.023815864,0.022942760312066657,0.007122643
13-04-2023,17828,17842.15039,17729.65039,17807.30078,285800,NIFTY_50,0.000875772,0.015432501855001668,0.039272905,0.006049376
17-04-2023,17706.84961,17863,17574.05078,17863,357400,NIFTY_50,-0.006795512,0.006119569,0.038933117,0.006073548
18-04-2023,17660.15039,17766.59961,17610.19922,17766.59961,258900,NIFTY_50,-0.002637353,0.002048315,0.040536996442126494,0.006001536
19-04-2023,17618.75,17666.15039,17579.84961,17653.34961,281500,NIFTY_50,-0.002344283,-0.005842965,0.037275716,0.006075445
20-04-2023,17624.44922,17684.44922,17584.34961,17638.59961,215100,NIFTY_50,0.000323475,-0.010551704,0.030666484223251356,0.005972201
21-04-2023,17624.05078,17663.19922,17553.94922,17639.75,230200,NIFTY_50,-2.26E-05,-0.011439826,0.037416730004537824,0.005680256
24-04-2023,17743.40039,17754.5,17612.5,17707.55078,255700,NIFTY_50,0.006771974,0.002064217,0.037170854,0.005669091
25-04-2023,17769.25,17807.44922,17716.84961,17761.55078,297400,NIFTY_50,0.001456858,0.006177728,0.035993073,0.005666841
26-04-2023,17813.59961,17827.75,17711.19922,17767.30078,233000,NIFTY_50,0.002495863,0.011059218694572603,0.043140102,0.005479055
27-04-2023,17915.05078,17931.59961,17797.90039,17813.09961,241400,NIFTY_50,0.005695153,0.016488547181993107,0.057243853236091935,0.005011034
28-04-2023,18065,18089.15039,17885.30078,17950.40039,290300,NIFTY_50,0.008370014,0.025019742862924632,0.063541734,0.005161558
02-05-2023,18147.65039,18180.25,18101.75,18124.80078,265200,NIFTY_50,0.004575167,0.022783118855481233,0.070550519,0.005027347
03-05-2023,18089.84961,18116.34961,18042.40039,18113.80078,226200,NIFTY_50,-0.003185028,0.018042383,0.059081327860233346,0.005132936
04-05-2023,18255.80078,18267.44922,18066.69922,18081,226600,NIFTY_50,0.009173718,0.024823796513439023,0.051616572,0.004332485
05-05-2023,18069,18216.94922,18055.44922,18117.30078,239700,NIFTY_50,-0.010232407,0.00859329,0.03856462,0.005189254
08-05-2023,18264.40039,18286.94922,18100.30078,18120.59961,228400,NIFTY_50,0.010814123118324304,0.011037940250484324,0.040288635,0.005323907
09-05-2023,18265.94922,18344.19922,18229.65039,18303.40039,245400,NIFTY_50,8.480038171931881e-05,0.006518686,0.037888126,0.005339688
10-05-2023,18315.09961,18326.75,18211.94922,18313.59961,220500,NIFTY_50,0.002690821,0.012451734252299396,0.039210555887650766,0.005341527
11-05-2023,18297,18389.69922,18270.40039,18357.80078,248900,NIFTY_50,-0.000988234,0.002256774,0.032428025,0.005307867
12-05-2023,18314.80078,18342.75,18194.55078,18273.75,241700,NIFTY_50,0.00097288,0.013603452390835047,0.028205091936369442,0.005245502
15-05-2023,18398.84961,18458.90039,18287.90039,18339.30078,216100,NIFTY_50,0.004589121,0.007361272,0.032019834,0.005291311
16-05-2023,18286.5,18432.34961,18264.34961,18432.34961,219500,NIFTY_50,-0.006106339,0.001125087,0.032735941,0.005235777
17-05-2023,18181.75,18309,18115.34961,18300.44922,229900,NIFTY_50,-0.005728269,-0.007280856,0.029535400199756756,0.005410898
18-05-2023,18129.94922,18297.19922,18104.84961,18287.5,272100,NIFTY_50,-0.002849054,-0.009129955,0.029014499822632045,0.005430768
19-05-2023,18203.40039,18218.09961,18060.40039,18186.15039,260900,NIFTY_50,0.004051372,-0.006082534,0.03284932,0.005454169
22-05-2023,18314.40039,18335.25,18178.84961,18201.09961,262600,NIFTY_50,0.006097762,-0.004589918,0.039170881765130616,0.005527681
23-05-2023,18348,18419.75,18324.19922,18362.90039,270400,NIFTY_50,0.001834601,0.003363137,0.034074619,0.005409395
24-05-2023,18285.40039,18392.59961,18262.94922,18294.80078,232600,NIFTY_50,-0.003411795,0.005700793,0.029047393144055134,0.005528703
25-05-2023,18321.15039,18338.09961,18202.40039,18268.90039,235900,NIFTY_50,0.001955112,0.01054615,0.028492320046470843,0.005524625
26-05-2023,18499.34961,18508.55078,18333.15039,18368.34961,198700,NIFTY_50,0.009726421,0.016257908544516697,0.032614969126212534,0.005757439
29-05-2023,18598.65039,18641.19922,18581.25,18619.15039,265300,NIFTY_50,0.005367799,0.015520573643541535,0.02954057,0.005609471
30-05-2023,18633.84961,18662.44922,18575.5,18606.65039,234400,NIFTY_50,0.001892568,0.015579333408273444,0.026791304013723316,0.005563237
31-05-2023,18534.40039,18603.90039,18483.84961,18594.19922,696500,NIFTY_50,-0.00533702,0.013617421258528273,0.024574598,0.005675
01-06-2023,18487.75,18580.30078,18464.55078,18579.40039,265600,NIFTY_50,-0.002516962,0.009093294,0.012705507774177116,0.005409582
02-06-2023,18534.09961,18573.69922,18478.40039,18550.84961,270900,NIFTY_50,0.002507044,0.001878444,0.025740196434500984,0.004774015
05-06-2023,18593.84961,18640.15039,18582.80078,18612,256100,NIFTY_50,0.003223788,-0.000258125,0.018037779051268688,0.004249253
06-06-2023,18599,18622.75,18531.59961,18600.80078,220800,NIFTY_50,0.000276994,-0.001870231,0.018233423144969896,0.004247523
07-06-2023,18726.40039,18738.94922,18636,18665.59961,260100,NIFTY_50,0.006849852,0.010359115803774133,0.022456923,0.004436766
08-06-2023,18634.55078,18777.90039,18615.59961,18725.34961,286500,NIFTY_50,-0.004904819,0.007940435,0.018448422214024207,0.004617488
09-06-2023,18563.40039,18676.65039,18555.40039,18655.90039,221800,NIFTY_50,-0.003818197,0.001580912,0.013573699891374469,0.004737567
12-06-2023,18601.5,18633.59961,18559.75,18595.05078,179500,NIFTY_50,0.002052405,0.000411447,0.011014296813521396,0.00466088
13-06-2023,18716.15039,18728.90039,18631.80078,18631.80078,233200,NIFTY_50,0.006163502,0.006298747,0.023495496165203855,0.004543527
14-06-2023,18755.90039,18769.69922,18690,18744.59961,261400,NIFTY_50,0.002123834,0.001575316,0.031578389903337056,0.004245393
15-06-2023,18688.09961,18794.09961,18669.05078,18774.44922,263000,NIFTY_50,-0.003614904,0.002873631,0.030786098,0.00429051
16-06-2023,18826,18864.69922,18710.5,18723.30078,272800,NIFTY_50,0.007379048,0.014146094134112497,0.03420238,0.004454969
19-06-2023,18755.44922,18881.44922,18719.15039,18873.30078,219800,NIFTY_50,-0.003747518,0.008276172,0.024082078512970062,0.004486391
20-06-2023,18816.69922,18839.69922,18660.65039,18752.34961,211600,NIFTY_50,0.003265718,0.005372303,0.025544975951057314,0.004508402
21-06-2023,18856.84961,18875.90039,18794.84961,18849.40039,217500,NIFTY_50,0.002133764,0.005382265,0.031251666,0.00437372
22-06-2023,18771.25,18886.59961,18759.5,18853.59961,252700,NIFTY_50,-0.004539444,0.004449376,0.024567213,0.004578286
23-06-2023,18665.5,18756.40039,18647.09961,18741.84961,210600,NIFTY_50,-0.005633615,-0.008525444,0.008981418,0.004360097
26-06-2023,18691.19922,18722.05078,18646.69922,18682.34961,171300,NIFTY_50,0.00137683,-0.003425671,0.004976105,0.004212299
27-06-2023,18817.40039,18829.25,18714.25,18748.55078,222500,NIFTY_50,0.006751903,3.726327698871934e-05,0.009850395,0.004445325
28-06-2023,18972.09961,19011.25,18861.34961,18908.15039,398800,NIFTY_50,0.008221073,0.006111837,0.023615504657566122,0.004541162
30-06-2023,19189.05078,19201.69922,19024.59961,19076.84961,247900,NIFTY_50,0.011435275,0.022257483185722737,0.037933268,0.004992943
03-07-2023,19322.55078,19345.09961,19234.40039,19246.5,226100,NIFTY_50,0.006957092,0.035201349079853284,0.042540571,0.005120121
04-07-2023,19389,19434.15039,19300,19406.59961,226900,NIFTY_50,0.003438947,0.03733312,0.042764162,0.005122837
05-07-2023,19398.5,19421.59961,19339.59961,19405.94922,224400,NIFTY_50,0.000489969,0.030880971723623807,0.042986182,0.005119049
06-07-2023,19497.30078,19512.19922,19373,19385.69922,268300,NIFTY_50,0.005093218,0.027682817542001192,0.041166501545643275,0.005048186
07-07-2023,19331.80078,19523.59961,19303.59961,19422.80078,237100,NIFTY_50,-0.008488354,0.007439138,0.037417054,0.005361216
10-07-2023,19355.90039,19435.84961,19327.09961,19400.34961,268200,NIFTY_50,0.00124663,0.001725942,0.042691531902755875,0.005196368
11-07-2023,19439.40039,19515.09961,19406.44922,19427.09961,251300,NIFTY_50,0.00431393,0.002599432,0.045044775,0.005219711
12-07-2023,19384.30078,19507.69922,19361.75,19497.44922,327900,NIFTY_50,-0.002834429,-0.000731975,0.035699135595730125,0.005249463
13-07-2023,19413.75,19567,19385.80078,19495.19922,310400,NIFTY_50,0.00151923,-0.004285249,0.035074275064065796,0.00524905
14-07-2023,19564.5,19595.34961,19433.5,19493.44922,291200,NIFTY_50,0.007765115,0.012037120668846102,0.046896175049567335,0.005255024
17-07-2023,19711.44922,19731.84961,19562.94922,19612.15039,268700,NIFTY_50,0.007511013,0.018369015181397108,0.047033316623287025,0.005261806
18-07-2023,19749.25,19819.44922,19690.19922,19787.5,286400,NIFTY_50,0.001917707,0.015939258,0.052987309,0.00506722
19-07-2023,19833.15039,19851.69922,19727.44922,19802.94922,259700,NIFTY_50,0.004248282,0.023155315966266965,0.054018569360037016,0.005078794
20-07-2023,19979.15039,19991.84961,19758.40039,19831.69922,274700,NIFTY_50,0.007361412,0.029123708228703915,0.059516876,0.005184456
21-07-2023,19745,19887.40039,19700,19800.44922,312500,NIFTY_50,-0.011719737,0.009225894,0.051874542,0.005923262
24-07-2023,19672.34961,19782.75,19658.30078,19748.44922,265600,NIFTY_50,-0.003679432,-0.001983599,0.053941743,0.005795935
25-07-2023,19680.59961,19729.34961,19615.94922,19729.34961,369700,NIFTY_50,0.00041937,-0.003476101,0.052934024138616476,0.005810907
26-07-2023,19778.30078,19825.59961,19716.69922,19733.34961,244700,NIFTY_50,0.004964339,-0.002765552,0.05106446,0.005757158
27-07-2023,19659.90039,19867.55078,19603.55078,19850.90039,334900,NIFTY_50,-0.005986378,-0.015979158,0.036253276938843726,0.005890244
28-07-2023,19646.05078,19695.90039,19563.09961,19659.75,258700,NIFTY_50,-0.00070446,-0.005011356,0.023815664735566067,0.005454294
31-07-2023,19753.80078,19772.75,19597.59961,19666.34961,295100,NIFTY_50,0.005484563,0.004140389,0.022318482,0.005381829
01-08-2023,19733.55078,19795.59961,19704.59961,19784,298000,NIFTY_50,-0.001025119,0.002690526,0.017770425563463865,0.00537307
02-08-2023,19526.55078,19678.25,19423.55078,19655.40039,290700,NIFTY_50,-0.010489749,-0.012728596,0.006601066,0.005946893
03-08-2023,19381.65039,19537.65039,19296.44922,19463.75,315700,NIFTY_50,-0.007420685,-0.014153174,-0.00593161,0.006077989
04-08-2023,19517,19538.84961,19436.44922,19462.80078,280800,NIFTY_50,0.006983389,-0.00656879,0.009580029,0.005961733
07-08-2023,19597.30078,19620.44922,19524.80078,19576.84961,216600,NIFTY_50,0.004114402,-0.007922526,0.012471669,0.006015043
08-08-2023,19570.84961,19634.40039,19533.09961,19627.19922,260300,NIFTY_50,-0.001349735,-0.008244901,0.006762,0.005965952
09-08-2023,19632.55078,19645.5,19467.5,19578.80078,266500,NIFTY_50,0.003152708,0.005428506,0.012806755466781006,0.005947729
10-08-2023,19543.09961,19623.59961,19495.40039,19605.55078,312200,NIFTY_50,-0.004556268,0.008330004,0.006662783,0.006055352
11-08-2023,19428.30078,19557.75,19412.75,19554.25,235500,NIFTY_50,-0.005874136,-0.004544716,-0.006961549,0.005943241
14-08-2023,19434.55078,19465.84961,19257.90039,19383.94922,243900,NIFTY_50,0.000321696,-0.008304715,-0.014047594,0.005654268
16-08-2023,19465,19482.75,19317.19922,19369,0,NIFTY_50,0.001566757,-0.005408534,-0.014392952,0.005646282
17-08-2023,19365.25,19461.55078,19326.25,19450.55078,268700,NIFTY_50,-0.005124583,-0.013615183,-0.023591834,0.005601934
18-08-2023,19310.15039,19373.80078,19253.59961,19301.75,256100,NIFTY_50,-0.002845283,-0.011919768,-0.033484907,0.005236005
21-08-2023,19393.59961,19425.94922,19296.30078,19320.65039,262600,NIFTY_50,0.004321521,-0.001786115,-0.01779693,0.004831504
22-08-2023,19396.44922,19443.5,19381.30078,19417.09961,208700,NIFTY_50,0.000146936,-0.001960506,-0.014024781,0.004790668
23-08-2023,19444,19472.05078,19366.59961,19439.19922,225200,NIFTY_50,0.00245152,-0.001078859,-0.012021972,0.004836876
24-08-2023,19386.69922,19584.44922,19369,19535.15039,268300,NIFTY_50,-0.002946965,0.001107614,-0.019799555,0.004679366
25-08-2023,19265.80078,19339.55078,19229.69922,19297.40039,466500,NIFTY_50,-0.006236154,-0.002296699,-0.02004586,0.004693717
28-08-2023,19306.05078,19366.84961,19249.69922,19298.34961,248200,NIFTY_50,0.002089194,-0.004514316,-0.017306277,0.004744317
29-08-2023,19342.65039,19377.90039,19309.09961,19374.84961,307400,NIFTY_50,0.001895758,-0.002773643,-0.020813736,0.004555773
30-08-2023,19347.44922,19452.80078,19334.75,19433.44922,233000,NIFTY_50,0.000248096,-0.004965582,-0.019565742,0.004564896
31-08-2023,19253.80078,19388.19922,19223.65039,19375.55078,562600,NIFTY_50,-0.004840351,-0.006855135,-0.013968161,0.004096026
01-09-2023,19435.30078,19458.55078,19255.69922,19258.15039,333000,NIFTY_50,0.00942671,0.008797973,0.002768102,0.00436371
04-09-2023,19528.80078,19545.15039,19432.84961,19525.05078,296800,NIFTY_50,0.004810834,0.011537834,0.000604641,0.004208872
05-09-2023,19574.90039,19587.05078,19525.75,19564.65039,256800,NIFTY_50,0.002360596,0.012007144590307384,-0.001143034,0.004137145
06-09-2023,19611.05078,19636.44922,19491.5,19581.19922,287600,NIFTY_50,0.001846773,0.013624615809537222,0.002054135,0.004145986
07-09-2023,19727.05078,19737,19550.05078,19598.65039,304900,NIFTY_50,0.005915032,0.024579562517384357,0.004813435,0.004295955
08-09-2023,19819.94922,19867.15039,19727.05078,19774.80078,288100,NIFTY_50,0.00470919,0.019791226378708116,0.014166105423839337,0.004249841
11-09-2023,19996.34961,20008.15039,19865.34961,19890,248800,NIFTY_50,0.008900143,0.023941502,0.029238214629311088,0.004328071
12-09-2023,19993.19922,20110.34961,19914.65039,20110.15039,328100,NIFTY_50,-0.000157548,0.021369142,0.028745117,0.004335971
13-09-2023,20070,20096.90039,19944.09961,19989.5,251400,NIFTY_50,0.003841345,0.023402582,0.031081428204469574,0.004369533
14-09-2023,20103.09961,20167.65039,20043.44922,20127.94922,275100,NIFTY_50,0.001649208,0.019062597460458797,0.038101734,0.004078544
15-09-2023,20192.34961,20222.44922,20129.69922,20156.44922,438200,NIFTY_50,0.004439614,0.01878917,0.045685777,0.003957907
18-09-2023,20133.30078,20195.34961,20115.69922,20155.94922,264900,NIFTY_50,-0.002924317,0.006848809,0.038141509919459304,0.004087205
20-09-2023,19901.40039,20050.65039,19878.84961,19980.75,378100,NIFTY_50,-0.01151825,-0.004591503,0.026033175772546935,0.005063467
21-09-2023,19742.34961,19848.75,19709.94922,19840.55078,275100,NIFTY_50,-0.007991939,-0.016325381,0.015344044917455335,0.00546113
22-09-2023,19674.25,19798.65039,19657.5,19744.84961,246400,NIFTY_50,-0.003449418,-0.021332512,0.014832374402956372,0.005480279
25-09-2023,19674.55078,19734.15039,19601.55078,19678.19922,188400,NIFTY_50,1.5288066889551644e-05,-0.025643317,0.021216351432316705,0.005233526
26-09-2023,19664.69922,19699.34961,19637.44922,19682.80078,204900,NIFTY_50,-0.000500726,-0.02327495,0.018576996,0.005238845
27-09-2023,19716.44922,19730.69922,19554,19637.05078,203600,NIFTY_50,0.002631619,-0.009293375,0.019325109050524647,0.005248531
28-09-2023,19523.55078,19766.65039,19492.09961,19761.80078,352800,NIFTY_50,-0.00978363,-0.011082715,0.009102056,0.005774235
29-09-2023,19638.30078,19726.25,19551.05078,19581.19922,243500,NIFTY_50,0.005877517,-0.001827222,0.019970083,0.005752863
03-10-2023,19528.75,19623.19922,19479.65039,19622.40039,221700,NIFTY_50,-0.005578425,-0.007410628,0.004808221,0.005572341
04-10-2023,19436.09961,19457.80078,19333.59961,19446.30078,277100,NIFTY_50,-0.004744307,-0.011624872,-0.004746895,0.005570762
05-10-2023,19545.75,19576.94922,19487.30078,19521.84961,234900,NIFTY_50,0.005641584,-0.008657706,-0.001489172,0.005697715
06-10-2023,19653.5,19675.75,19589.40039,19621.19922,159100,NIFTY_50,0.005512707,0.006656024,0.002164556,0.00581991
09-10-2023,19512.34961,19588.94922,19480.5,19539.44922,165100,NIFTY_50,-0.007181947,-0.006413547,-0.010883592,0.00587065
10-10-2023,19689.84961,19717.80078,19565.44922,19565.59961,216600,NIFTY_50,0.009096803,0.008249356,-0.006564074,0.006152001
11-10-2023,19811.34961,19839.19922,19756.94922,19767,213700,NIFTY_50,0.006170692,0.019306857216300655,-0.009251689,0.005964318
12-10-2023,19794,19843.30078,19772.65039,19822.69922,217900,NIFTY_50,-0.000875741,0.012700970799278677,-0.009963349,0.005964641
13-10-2023,19751.05078,19805.40039,19635.30078,19654.55078,255000,NIFTY_50,-0.00216981,0.004963532,-0.015891839,0.005886171
16-10-2023,19731.75,19781.30078,19691.84961,19737.25,181000,NIFTY_50,-0.000977203,0.011244180993947861,-0.018472256,0.005858256
17-10-2023,19811.5,19849.75,19775.65039,19843.19922,185800,NIFTY_50,0.004041709,0.00617833,-0.018861084,0.005839759
18-10-2023,19671.09961,19840.94922,19659.94922,19820.44922,198900,NIFTY_50,-0.007086813,-0.007079275,-0.022957049,0.005986699
19-10-2023,19624.69922,19681.80078,19512.34961,19545.19922,230300,NIFTY_50,-0.00235881,-0.008553136,-0.013903603,0.005480193
20-10-2023,19542.65039,19593.80078,19518.69922,19542.15039,198300,NIFTY_50,-0.004180896,-0.010551357,-0.010115271,0.005275193
23-10-2023,19281.75,19556.84961,19257.84961,19521.59961,176000,NIFTY_50,-0.013350307,-0.022805884,-0.019949935,0.005983991
25-10-2023,19122.15039,19347.30078,19074.15039,19286.44922,225300,NIFTY_50,-0.008277237,-0.034795427,-0.0280769,0.006194264
26-10-2023,18857.25,19041.69922,18837.84961,19027.25,300400,NIFTY_50,-0.013853065,-0.041372858,-0.041060848,0.006783263
27-10-2023,19047.25,19076.15039,18926.65039,18928.75,205200,NIFTY_50,0.010075700327460302,-0.029424615,-0.033941163,0.007243569
30-10-2023,19140.90039,19158.5,18940,19053.40039,180100,NIFTY_50,0.004916741,-0.020557601,-0.019599426,0.007125011
31-10-2023,19079.59961,19233.69922,19056.44922,19232.94922,206000,NIFTY_50,-0.003202607,-0.010484027,-0.028449568,0.006953277
01-11-2023,18989.15039,19096.05078,18973.69922,19064.05078,194100,NIFTY_50,-0.004740625,-0.006955285,-0.027631037,0.006929383
02-11-2023,19133.25,19175.25,19064.15039,19120,245600,NIFTY_50,0.007588523,0.01463628,-0.01558181,0.007158917
03-11-2023,19230.59961,19276.25,19210.90039,19241,189500,NIFTY_50,0.005087981,0.009626041,-0.01612373,0.007133887
06-11-2023,19411.75,19423,19309.69922,19345.84961,180700,NIFTY_50,0.009419903,0.014150307,-0.012300608,0.007365264
07-11-2023,19406.69922,19423.5,19329.09961,19404.05078,198700,NIFTY_50,-0.000260192,0.017143945,-0.00541454,0.007200125
08-11-2023,19443.5,19464.40039,19401.5,19449.59961,195000,NIFTY_50,0.001896293,0.023926800305890117,-0.012511503,0.006881295
09-11-2023,19395.30078,19463.90039,19378.34961,19457.40039,208400,NIFTY_50,-0.002478937,0.013696093515215724,-0.021000529,0.006702404
10-11-2023,19425.34961,19451.30078,19329.44922,19351.84961,152200,NIFTY_50,0.001549284,0.010127089324092564,-0.01862435,0.006727406
13-11-2023,19443.55078,19494.40039,19414.75,19486.75,189300,NIFTY_50,0.00093698,0.001638223,-0.015568792,0.006732847
15-11-2023,19675.44922,19693.19922,19579.65039,19651.40039,291500,NIFTY_50,0.011926753508604282,0.013848310677188502,-0.002853309,0.007305166
16-11-2023,19765.19922,19875.25,19627,19674.69922,282700,NIFTY_50,0.004561522,0.016545335,-0.002337066,0.007321648
17-11-2023,19731.80078,19806,19667.44922,19674.75,236800,NIFTY_50,-0.00168976,0.017349563370798737,0.003085805,0.007147645
20-11-2023,19694,19756.44922,19670.5,19731.15039,173800,NIFTY_50,-0.001915729,0.013829887030467836,0.003531304,0.00714005
21-11-2023,19783.40039,19829.09961,19754.05078,19770.90039,195000,NIFTY_50,0.004539473,0.017478783,0.012319209277544596,0.007124655
22-11-2023,19811.84961,19825.55078,19703.84961,19784,184500,NIFTY_50,0.001438035,0.006932517,0.027492297606545035,0.006318433
23-11-2023,19802,19875.15039,19786.75,19828.44922,170000,NIFTY_50,-0.000497157,0.001861898,0.035552989,0.005919758
24-11-2023,19794.69922,19832.84961,19768.84961,19809.59961,145900,NIFTY_50,-0.000368689,0.003187668,0.049712934,0.004686856
28-11-2023,19889.69922,19916.84961,19800,19844.65039,229600,NIFTY_50,0.004799265,0.009936997,0.044229440929792974,0.004372324
29-11-2023,20096.59961,20104.65039,19956.30078,19976.55078,236200,NIFTY_50,0.010402389113554511,0.015831414851130488,0.04992969,0.004712198
30-11-2023,20133.15039,20158.69922,20015.84961,20108.5,486600,NIFTY_50,0.001818755,0.016217607,0.055218705,0.004525256
01-12-2023,20267.90039,20291.55078,20183.69922,20194.09961,265800,NIFTY_50,0.006692942,0.023527946,0.067341085,0.004249515
04-12-2023,20686.80078,20702.65039,20507.75,20601.94922,381100,NIFTY_50,0.020668169003769332,0.0450677,0.081196388,0.005705674
05-12-2023,20855.09961,20864.05078,20711.15039,20808.90039,421000,NIFTY_50,0.008135566,0.048537707,0.084474745,0.00577856
06-12-2023,20937.69922,20961.94922,20852.15039,20950.75,359200,NIFTY_50,0.003960643,0.041852832,0.078609565,0.005640265
07-12-2023,20901.15039,20941.25,20850.80078,20932.40039,275000,NIFTY_50,-0.001745599,0.038146042,0.077006973,0.005706019
08-12-2023,20969.40039,21006.09961,20862.69922,20934.09961,292400,NIFTY_50,0.003265371,0.03461138,0.078478689,0.005691036
11-12-2023,20997.09961,21026.09961,20923.69922,20965.30078,212900,NIFTY_50,0.001320935,0.014999846105070436,0.082586955,0.005531579
12-12-2023,20906.40039,21037.90039,20867.15039,21018.55078,244900,NIFTY_50,-0.004319607,0.002459867,0.076243198,0.005816215
13-12-2023,20926.34961,20950,20769.5,20929.75,260300,NIFTY_50,0.000954216,-0.000542066,0.07626173,0.005815786
14-12-2023,21182.69922,21210.90039,21074.44922,21110.40039,334400,NIFTY_50,0.012250087289956912,0.013470494,0.076605621,0.005840264
15-12-2023,21456.65039,21492.30078,21235.30078,21287.44922,508800,NIFTY_50,0.012932779200891975,0.023236239039903017,0.085577239,0.00619353
18-12-2023,21418.65039,21482.80078,21365.34961,21434.80078,249700,NIFTY_50,-0.001771013,0.02007662,0.085488883,0.006197575
19-12-2023,21453.09961,21505.05078,21337.75,21477.65039,249800,NIFTY_50,0.001608375,0.026149849258371383,0.089321601,0.006065386
20-12-2023,21150.15039,21593,21087.34961,21543.5,363900,NIFTY_50,-0.014121466,0.010694688057287127,0.069085697,0.007330647
21-12-2023,21255.05078,21288.34961,20976.80078,21033.94922,277500,NIFTY_50,0.004959794,0.003415597,0.072845353,0.007324062
22-12-2023,21349.40039,21390.5,21232.44922,21295.84961,284700,NIFTY_50,0.004438927,-0.00499845,0.078143642,0.007263517
26-12-2023,21441.34961,21477.15039,21329.44922,21365.19922,219500,NIFTY_50,0.004306876,0.001059788,0.083186432,0.007197427
27-12-2023,21654.75,21675.75,21495.80078,21497.65039,256500,NIFTY_50,0.00995275,0.009399592,0.088741954,0.007317741
28-12-2023,21778.69922,21801.44922,21678,21715,393100,NIFTY_50,0.005723881,0.029718409,0.083700708,0.007185497
29-12-2023,21731.40039,21770.30078,21676.90039,21737.65039,270900,NIFTY_50,-0.002171793,0.022411125,0.079383999,0.007305171
01-01-2024,21741.90039,21834.34961,21680.84961,21727.75,154000,NIFTY_50,0.000483172,0.018384591,0.072725836,0.007310036
02-01-2024,21665.80078,21755.59961,21555.65039,21751.34961,263700,NIFTY_50,-0.003500136,0.010468145707435372,0.047324862,0.006250716
03-01-2024,21517.34961,21677,21500.34961,21661.09961,311900,NIFTY_50,-0.006851866,-0.006345046,0.031754823,0.00641472
04-01-2024,21658.59961,21685.65039,21564.55078,21605.80078,339200,NIFTY_50,0.00656447,-0.005514545,0.034430735826953995,0.006491462
05-01-2024,21710.80078,21749.59961,21629.19922,21705.75,309300,NIFTY_50,0.002410182,-0.000947919,0.038737120947570425,0.006441211
08-01-2024,21513,21763.94922,21492.90039,21747.59961,231500,NIFTY_50,-0.009110709,-0.010528077,0.025923469400585875,0.006884565
09-01-2024,21544.84961,21724.44922,21517.84961,21653.59961,228600,NIFTY_50,0.001480482,-0.005582585,0.026086936300260932,0.006884679
10-01-2024,21618.69922,21641.84961,21448.65039,21529.30078,217000,NIFTY_50,0.003427715,0.004710134,0.03407085,0.006768167
11-01-2024,21647.19922,21726.5,21593.75,21688,212500,NIFTY_50,0.001318303,-0.000526368,0.034446983,0.006766549
12-01-2024,21894.55078,21928.25,21715.15039,21773.55078,294700,NIFTY_50,0.011426492637705898,0.008463529,0.033605328,0.006701262
15-01-2024,22097.44922,22115.55078,21963.55078,22053.15039,345500,NIFTY_50,0.009267075,0.027167258,0.029864811909550593,0.006421444
16-01-2024,22032.30078,22124.15039,21969.80078,22080.5,292400,NIFTY_50,-0.002948233,0.022624951239524682,0.028650282787826553,0.006458219
17-01-2024,21571.94922,21851.5,21550.44922,21647.25,456000,NIFTY_50,-0.020894394,-0.00216248,0.005539974,0.008161643
18-01-2024,21462.25,21539.40039,21285.55078,21414.19922,387300,NIFTY_50,-0.005085272,-0.008543794,0.014756377785064778,0.007547847
19-01-2024,21622.40039,21670.59961,21575,21615.19922,343100,NIFTY_50,0.007461957,-0.012430051,0.017282932567681986,0.007641285
23-01-2024,21238.80078,21750.25,21192.59961,21716.69922,449700,NIFTY_50,-0.017740843,-0.038857355,-0.005180455,0.008642276
24-01-2024,21453.94922,21482.34961,21137.19922,21185.25,407500,NIFTY_50,0.010129971071150878,-0.026250166,0.000587631,0.008897279
25-01-2024,21352.59961,21459,21247.05078,21454.59961,418100,NIFTY_50,-0.004724054,-0.01016828,-0.013953077,0.008640573
29-01-2024,21737.59961,21763.25,21429.59961,21433.09961,376700,NIFTY_50,0.018030591452244726,0.012829484763946075,-0.001887147,0.00951372
30-01-2024,21522.09961,21813.05078,21501.80078,21775.75,375100,NIFTY_50,-0.009913698,-0.004638744,-0.009631261,0.009758881
31-01-2024,21725.69922,21741.34961,21448.84961,21487.25,410600,NIFTY_50,0.009460025,0.022924949601196065,-0.000745159,0.010006787925241801
01-02-2024,21697.44922,21832.94922,21658.75,21780.65039,332500,NIFTY_50,-0.001300303,0.011349891692070901,0.001460755,0.009978219
02-02-2024,21853.80078,22126.80078,21805.55078,21812.75,442800,NIFTY_50,0.007205988,0.023472606663543782,0.015636273889810814,0.009956337
05-02-2024,21771.69922,21964.30078,21726.94922,21921.05078,440800,NIFTY_50,-0.003756855,0.001568692,0.005221926,0.00991048
06-02-2024,21929.40039,21951.40039,21737.55078,21825.19922,371000,NIFTY_50,0.007243402,0.018924769824621546,0.010068703,0.010022749479760526
07-02-2024,21930.5,22053.30078,21860.15039,22045.05078,346300,NIFTY_50,5.014315737827957e-05,0.00942666,0.01940687,0.009764058
08-02-2024,21717.94922,22011.05078,21665.30078,22009.65039,491100,NIFTY_50,-0.009692017,0.000944812,0.008034385,0.010050927
09-02-2024,21782.5,21804.44922,21629.90039,21727,349200,NIFTY_50,0.002972232,-0.003262626,0.00757681,0.010044334427331847
12-02-2024,21616.05078,21831.69922,21574.75,21800.80078,287400,NIFTY_50,-0.007641419,-0.007149118,-0.001438913,0.010201003941045832
13-02-2024,21743.25,21766.80078,21543.34961,21664.30078,365800,NIFTY_50,0.00588448,-0.008488622,-0.006910431,0.009945713
14-02-2024,21840.05078,21870.84961,21530.19922,21578.15039,359100,NIFTY_50,0.004451992,-0.004124357,-0.011648333,0.009758463
15-02-2024,21910.75,21953.84961,21794.80078,21906.55078,345400,NIFTY_50,0.003237136,0.008877486,-0.005516935,0.009776132
16-02-2024,22040.69922,22068.65039,21968.94922,22020.30078,343900,NIFTY_50,0.005930843,0.011853516297486433,0.021729607985196298,0.008556001
19-02-2024,22122.25,22186.65039,22021.05078,22103.44922,0,NIFTY_50,0.003700009,0.023417747481842666,0.030751668627473805,0.008445995
20-02-2024,22196.94922,22215.59961,22045.84961,22099.19922,295700,NIFTY_50,0.003376656,0.02086621,0.026571926231377718,0.008344265
21-02-2024,22055.05078,22249.40039,21997.94922,22248.84961,364500,NIFTY_50,-0.0063927,0.009844299,0.038432019,0.007298403
22-02-2024,22217.44922,22252.5,21875.25,22081.55078,343500,NIFTY_50,0.007363322,0.013997659539267238,0.035587853,0.007159351
23-02-2024,22212.69922,22297.5,22186.09961,22290,226000,NIFTY_50,-0.000213796,0.007803745,0.040280791,0.007013433
26-02-2024,22122.05078,22202.15039,22075.15039,22169.19922,207800,NIFTY_50,-0.004080929,-9.01E-06,0.017685999318397316,0.006026781
27-02-2024,22198.34961,22218.25,22085.65039,22090.19922,252200,NIFTY_50,0.003448994,6.308932868193118e-05,0.031421191,0.005481583
28-02-2024,21951.15039,22229.15039,21915.84961,22214.09961,203000,NIFTY_50,-0.011135928,-0.004710957,0.010377165291896695,0.005842544
29-02-2024,21982.80078,22060.55078,21860.65039,21935.19922,360200,NIFTY_50,0.001441856,-0.010561448,0.013151387502887246,0.005829428
01-03-2024,22338.75,22353.30078,22047.75,22048.30078,351500,NIFTY_50,0.016192168700068565,0.005674717,0.022190612223667472,0.006648504
04-03-2024,22405.59961,22440.90039,22358.30078,22403.5,298800,NIFTY_50,0.00299254,0.012817474786981586,0.029115797726944503,0.006558675
05-03-2024,22356.30078,22416.90039,22269.15039,22371.25,296200,NIFTY_50,-0.002200291,0.007115447,0.019467034,0.006459314
06-03-2024,22474.05078,22497.19922,22224.34961,22327.5,312300,NIFTY_50,0.005266972,0.023821092804699795,0.024785152242311037,0.00652461
07-03-2024,22493.55078,22525.65039,22430,22505.30078,379900,NIFTY_50,0.000867667,0.023234073086612295,0.035712467815809834,0.005999064
11-03-2024,22332.65039,22526.59961,22307.25,22517.5,277900,NIFTY_50,-0.007153179,-0.000273051,0.025256531,0.006311646
12-03-2024,22335.69922,22452.55078,22256,22334.44922,299200,NIFTY_50,0.000136519,-0.003119773,0.033292318,0.005963912
13-03-2024,21997.69922,22446.75,21905.65039,22432.19922,493300,NIFTY_50,-0.015132725,-0.016040291,0.011702446448897952,0.006949744
14-03-2024,22146.65039,22204.59961,21917.5,21982.55078,426700,NIFTY_50,0.006771216,-0.01456793,0.014038411011306762,0.007036127
15-03-2024,22023.34961,22120.90039,21931.69922,22064.84961,661500,NIFTY_50,-0.005567469,-0.020903822,0.005139012,0.007144999
18-03-2024,22055.69922,22123.69922,21916.55078,21990.09961,356300,NIFTY_50,0.001468878,-0.012401178,0.000680559,0.007027991
19-03-2024,21817.44922,21978.30078,21793.09961,21946.44922,344200,NIFTY_50,-0.010802197,-0.023202766,-0.013778019,0.007372101
20-03-2024,21839.09961,21930.90039,21710.19922,21843.90039,312400,NIFTY_50,0.000992343,-0.007209827,-0.016121567,0.007322369
21-03-2024,22011.94922,22080.94922,21941.30078,21989.90039,353200,NIFTY_50,0.007914686,-0.006082237,-0.001954272,0.007443755
22-03-2024,22096.75,22180.69922,21883.30078,21932.19922,388700,NIFTY_50,0.003852489,0.003332844,-0.005432632,0.00729919
26-03-2024,22004.69922,22073.19922,21947.55078,21947.90039,328400,NIFTY_50,-0.004165806,-0.002312328,-0.009364013,0.007351549
27-03-2024,22123.65039,22193.59961,22052.84961,22053.94922,409100,NIFTY_50,0.005405717,0.014034691627096807,7.230836737592838e-05,0.007410391
28-03-2024,22326.90039,22516,22163.59961,22163.59961,410500,NIFTY_50,0.009187001,0.022336121450748703,0.005791006,0.007656721
01-04-2024,22462,22529.94922,22427.75,22455,0,NIFTY_50,0.006050979,0.020445748660306906,0.023272111041304555,0.007257789
02-04-2024,22453.30078,22497.59961,22388.15039,22458.80078,289500,NIFTY_50,-0.000387286,0.016135892,0.021403096206071615,0.007265782
03-04-2024,22434.65039,22521.09961,22346.5,22385.69922,309600,NIFTY_50,-0.00083063,0.019539062,0.004293006,0.006341085
04-04-2024,22514.65039,22619,22303.80078,22592.09961,401000,NIFTY_50,0.003565912,0.017673394448761037,0.004867122,0.006355496
05-04-2024,22513.69922,22537.59961,22427.59961,22486.40039,242200,NIFTY_50,-4.22E-05,0.008366537,0.007040451,0.006329758
08-04-2024,22666.30078,22697.30078,22550.34961,22578.34961,227600,NIFTY_50,0.006778165,0.009095396,0.00855431,0.006399923
09-04-2024,22642.75,22768.40039,22612.25,22765.09961,232400,NIFTY_50,-0.001039022,0.008437477,0.006632978,0.0064075
10-04-2024,22753.80078,22775.69922,22673.69922,22720.25,276800,NIFTY_50,0.004904474,0.014225779544947414,0.018858057,0.006229122
12-04-2024,22519.40039,22726.44922,22503.75,22677.40039,357200,NIFTY_50,-0.010301593,0.000210974,0.008224554,0.006719139
15-04-2024,22272.5,22427.44922,22259.55078,22339.05078,355500,NIFTY_50,-0.010963897,-0.010713442,0.012492251,0.006259871
16-04-2024,22147.90039,22213.75,22079.44922,22125.30078,317300,NIFTY_50,-0.005594325,-0.022870975,5.644194394882618e-05,0.00623299
18-04-2024,21995.84961,22326.5,21961.69922,22212.34961,456900,NIFTY_50,-0.006865246,-0.028569869,-0.001248675,0.006300623
19-04-2024,22147,22179.55078,21777.65039,21861.5,362500,NIFTY_50,0.006871769,-0.026668106,0.004139555,0.006482097
22-04-2024,22336.40039,22375.65039,22198.15039,22336.90039,279300,NIFTY_50,0.008551966,-0.008126326,0.023786061,0.006186929
23-04-2024,22368,22447.55078,22349.44922,22447.05078,231500,NIFTY_50,0.001414714,0.004287799,0.024218049,0.006186924
24-04-2024,22402.40039,22476.44922,22384,22421.55078,235900,NIFTY_50,0.001537929,0.011490931217467804,0.017738146,0.00598451
25-04-2024,22570.34961,22625.94922,22305.25,22316.90039,475000,NIFTY_50,0.00749693,0.026118563738276368,0.021432998,0.006132897
26-04-2024,22419.94922,22620.40039,22385.55078,22620.40039,329900,NIFTY_50,-0.006663627,0.012324433049623051,0.018870969,0.006269237
29-04-2024,22643.40039,22655.80078,22441.90039,22475.55078,292000,NIFTY_50,0.009966623,0.013744381128163008,0.023492958,0.006517725
30-04-2024,22604.84961,22783.34961,22568.40039,22679.65039,361900,NIFTY_50,-0.001702517,0.010588770090083965,0.012449073265302424,0.006263695
02-05-2024,22648.19922,22710.5,22567.84961,22567.84961,445900,NIFTY_50,0.001917713,0.010971986208578866,0.008289521,0.006142699
03-05-2024,22475.84961,22794.69922,22348.05078,22766.34961,438100,NIFTY_50,-0.007609859,-0.004186909,0.001004254,0.006400234
06-05-2024,22442.69922,22588.80078,22409.44922,22561.59961,320300,NIFTY_50,-0.001474934,0.001014721,0.000358768,0.006406622
07-05-2024,22302.5,22499.05078,22232.05078,22489.75,297800,NIFTY_50,-0.006246986,-0.015055177,-0.009422771,0.00649729
08-05-2024,22302.5,22368.65039,22185.19922,22231.19922,277400,NIFTY_50,0,-0.013375431,-0.00938092,0.006497437
09-05-2024,21957.5,22307.75,21932.40039,22224.80078,331300,NIFTY_50,-0.015469118,-0.030496871,-0.031271127,0.007073484
10-05-2024,22055.19922,22131.30078,21950.30078,21990.94922,265800,NIFTY_50,0.004449469,-0.018715661,-0.025948738,0.007200231
13-05-2024,22104.05078,22131.65039,21821.05078,22027.94922,278200,NIFTY_50,0.002214968,-0.01508947,-0.028555669,0.007102928
14-05-2024,22217.84961,22270.05078,22081.25,22112.90039,230200,NIFTY_50,0.005148325,-0.003795556,-0.013390711,0.006924455
15-05-2024,22200.55078,22297.55078,22151.75,22255.59961,231900,NIFTY_50,-0.0007786,-0.004571201,-0.003230406,0.006486776
16-05-2024,22403.84961,22432.25,22054.55078,22319.19922,368900,NIFTY_50,0.009157378,0.020327888,0.011556364903029026,0.006670237
17-05-2024,22466.09961,22502.15039,22345.65039,22415.25,242700,NIFTY_50,0.00277854,0.018630545412424926,0.021379033242688195,0.006447339
21-05-2024,22529.05078,22591.09961,22404.55078,22404.55078,347600,NIFTY_50,0.002802052,0.019227245006173677,0.017250678703661926,0.006317779
22-05-2024,22597.80078,22629.5,22483.15039,22576.59961,290300,NIFTY_50,0.003051615,0.017101168,0.011702887934204265,0.006081276
23-05-2024,22967.65039,22993.59961,22577.44922,22614.09961,369800,NIFTY_50,0.01636662,0.034553179195124795,0.026808404444966127,0.007031564
24-05-2024,22957.09961,23026.40039,22908,22930.75,261900,NIFTY_50,-0.000459376,0.024694417,0.024760704615480966,0.007042886
27-05-2024,22932.44922,23110.80078,22871.19922,23038.94922,260000,NIFTY_50,-0.001073759,0.020757924939511785,0.016043154653864855,0.006901939
28-05-2024,22888.15039,22998.55078,22858.5,22977.15039,217900,NIFTY_50,-0.001931709,0.015939403,0.02088324,0.006710393
29-05-2024,22704.69922,22825.5,22685.44922,22762.75,269900,NIFTY_50,-0.008015116,0.00473048,0.002707139,0.006658009
30-05-2024,22488.65039,22705.75,22417,22617.44922,373400,NIFTY_50,-0.0095156,-0.02085542,-0.005140455,0.006993568
31-05-2024,22530.69922,22653.75,22465.09961,22568.09961,572100,NIFTY_50,0.00186978,-0.018573792,-0.00518805,0.0069928
03-06-2024,23263.90039,23338.69922,23062.30078,23337.90039,569400,NIFTY_50,0.032542318,0.014453369926313853,0.035062113110122084,0.009916986
04-06-2024,21884.5,23179.5,21281.44922,23179.5,1006100,NIFTY_50,-0.059293599,-0.043850218,-0.024872196,0.016889363020191565
05-06-2024,22620.34961,22670.40039,21791.94922,22128.34961,638500,NIFTY_50,0.033624236760035675,-0.003715073,0.014251748,0.018526172847302038
06-06-2024,22821.40039,22910.15039,22642.59961,22798.59961,480400,NIFTY_50,0.008888049,0.014796352569859783,0.023266467464409857,0.018610529
07-06-2024,23290.15039,23320.19922,22789.05078,22821.84961,473600,NIFTY_50,0.020539931466807104,0.033707395,0.060692264,0.018642819271188493
10-06-2024,23259.19922,23411.90039,23227.15039,23319.15039,304400,NIFTY_50,-0.001328938,-0.00020208,0.054590303,0.018665864761332807
11-06-2024,23264.84961,23389.44922,23206.65039,23283.75,305200,NIFTY_50,0.000242931,0.063074304,0.052515208167620564,0.018674487677904413
12-06-2024,23322.94922,23441.94922,23295.94922,23344.44922,295600,NIFTY_50,0.002497313,0.031060510624637105,0.049739269,0.018665831102570748
13-06-2024,23398.90039,23481.05078,23353.90039,23480.94922,268300,NIFTY_50,0.003256499,0.025305195567106198,0.053978372932400154,0.018649211
14-06-2024,23465.59961,23490.40039,23334.25,23464.94922,223100,NIFTY_50,0.002850528,0.007533194,0.047391409,0.01858928
18-06-2024,23557.90039,23579.05078,23499.69922,23570.80078,272200,NIFTY_50,0.003933451,0.012842280985933874,0.048597701,0.018592034530373724
19-06-2024,23516,23664,23412.90039,23629.84961,328800,NIFTY_50,-0.001778613,0.010795272475081719,0.043807847402581146,0.018616864833787307
20-06-2024,23567,23624,23442.59961,23586.15039,280300,NIFTY_50,0.002168736,0.010463976016112042,0.042889094745634404,0.018616068799470968
21-06-2024,23501.09961,23667.09961,23398.19922,23661.15039,609900,NIFTY_50,-0.0027963,0.004367693,0.023226111930358506,0.018343452723738617
24-06-2024,23537.84961,23558.09961,23350,23382.30078,239400,NIFTY_50,0.001563757,0.003078975,0.025297185179387283,0.018338753539936962
25-06-2024,23721.30078,23754.15039,23562.05078,23577.09961,298100,NIFTY_50,0.00779388,0.006936119,0.034398923,0.018382631867903034
26-06-2024,23868.80078,23889.90039,23670.44922,23723.09961,287800,NIFTY_50,0.00621804,0.015002584676390596,0.042845331,0.018384588171463823
27-06-2024,24044.5,24087.44922,23805.40039,23881.55078,515200,NIFTY_50,0.007361041,0.020261382441549625,0.059009845,0.018253183770640804
28-06-2024,24010.59961,24174,23985.80078,24085.90039,354800,NIFTY_50,-0.001409902,0.021679837,0.067676325,0.018048766
01-07-2024,24141.94922,24164,23992.69922,23992.94922,0,NIFTY_50,0.005470484,0.025665029703239695,0.071513537,0.018050267
02-07-2024,24123.84961,24236.34961,24056.40039,24228.75,0,NIFTY_50,-0.000749716,0.016969930605289063,0.036964963,0.016729141534921384
03-07-2024,24286.5,24309.15039,24207.09961,24291.75,0,NIFTY_50,0.006742307,0.017499799,0.109758048,0.008495286
04-07-2024,24302.15039,24401,24281,24369.94922,251200,NIFTY_50,0.000644407,0.010715564500197505,0.074349018,0.005297705
05-07-2024,24323.84961,24363,24168.84961,24213.34961,298400,NIFTY_50,0.000892893,0.013046321420381757,0.065835102,0.005178412
08-07-2024,24320.55078,24344.59961,24240.55078,24329.44922,266300,NIFTY_50,-0.000135621,0.007397976,0.044241895,0.003234805
09-07-2024,24433.19922,24443.59961,24331.90039,24351,250500,NIFTY_50,0.004631821,0.012823393213941214,0.050474652586216306,0.003169215
10-07-2024,24324.44922,24461.05078,24141.80078,24459.84961,292300,NIFTY_50,-0.004450911,0.001562564,0.045545087,0.003499408
11-07-2024,24315.94922,24402.65039,24193.75,24396.55078,306400,NIFTY_50,-0.000349443,0.000567803,0.042576090643017706,0.003545774
12-07-2024,24502.15039,24592.19922,24331.15039,24387.94922,325800,NIFTY_50,0.007657574,0.007330286,0.047149652,0.003752341
15-07-2024,24586.69922,24635.05078,24522.75,24587.59961,305400,NIFTY_50,0.00345067,0.010943355678654676,0.047776304,0.003759259
16-07-2024,24613,24661.25,24587.65039,24615.90039,283200,NIFTY_50,0.001069716,0.007358872,0.044787506181785286,0.003750017
18-07-2024,24800.84961,24837.75,24504.44922,24543.80078,350900,NIFTY_50,0.00763213,0.019585249,0.054637252,0.003814414
19-07-2024,24530.90039,24854.80078,24508.15039,24853.80078,343800,NIFTY_50,-0.010884676,0.008839925,0.040900428167564895,0.004874266
22-07-2024,24509.25,24595.19922,24362.30078,24445.75,324200,NIFTY_50,-0.000882576,0.000289755,0.042898009,0.004792896
23-07-2024,24479.05078,24582.55078,24074.19922,24568.90039,436400,NIFTY_50,-0.001232156,-0.00437832,0.039986710234571454,0.0048502
24-07-2024,24413.5,24504.25,24307.25,24444.94922,366600,NIFTY_50,-0.002677832,-0.008105473,0.029180492,0.004753058
25-07-2024,24406.09961,24426.15039,24210.80078,24230.94922,391800,NIFTY_50,-0.000303127,-0.015916793,0.022510507882200326,0.004630854
26-07-2024,24834.84961,24861.15039,24410.90039,24423.34961,383800,NIFTY_50,0.01756733,0.012390463208034497,0.032870287,0.005775303
29-07-2024,24836.09961,24999.75,24774.59961,24943.30078,355000,NIFTY_50,5.03324972633834e-05,0.013335765450799286,0.034380649106225736,0.005743939
30-07-2024,24857.30078,24971.75,24798.65039,24839.40039,385000,NIFTY_50,0.000853643,0.015451988043985843,0.029631060691007294,0.00567712
31-07-2024,24951.15039,24984.59961,24856.5,24886.69922,333600,NIFTY_50,0.003775535,0.022022667,0.034293895652893314,0.005673908
01-08-2024,25010.90039,25078.30078,24956.40039,25030.94922,431300,NIFTY_50,0.002394679,0.024780722,0.029827286,0.00555265
02-08-2024,24717.69922,24851.90039,24686.84961,24789,345000,NIFTY_50,-0.011722935,-0.004717177,0.017099261647451014,0.006290793
05-08-2024,24055.59961,24350.05078,23893.69922,24302.84961,487000,NIFTY_50,-0.026786458,-0.03142603,-0.011028271,0.008820744
06-08-2024,23992.55078,24382.59961,23960.40039,24189.84961,312300,NIFTY_50,-0.002620963,-0.034788572,-0.013486537,0.008832585
07-08-2024,24297.5,24337.69922,24184.90039,24289.40039,317600,NIFTY_50,0.012710162480444431,-0.026197205,-0.005553887,0.009260757
08-08-2024,24117,24340.5,24079.69922,24248.55078,311900,NIFTY_50,-0.007428748,-0.035740432,-0.008528424,0.009355519
09-08-2024,24367.5,24419.75,24311.19922,24386.84961,215100,NIFTY_50,0.010386864037815746,-0.014167954,0.00212004,0.00966079
12-08-2024,24347,24472.80078,24212.09961,24320.05078,279900,NIFTY_50,-0.000841284,0.012113619920387952,-0.006332113,0.009498758
13-08-2024,24139,24359.94922,24116.5,24342.34961,239700,NIFTY_50,-0.008543147,0.006103945,-0.018209001,0.009628912
14-08-2024,24143.75,24196.5,24099.69922,24184.40039,303300,NIFTY_50,0.000196777,-0.006327812,-0.019065128,0.009621613
16-08-2024,24541.15039,24563.90039,24204.5,24334.84961,271600,NIFTY_50,0.016459762490292462,0.017587195,-0.010471384,0.010218444690956771
19-08-2024,24572.65039,24638.80078,24522.94922,24636.34961,243600,NIFTY_50,0.001283558,0.008419017,0.001701935,0.009924129
20-08-2024,24698.84961,24734.30078,24607.19922,24648.90039,238300,NIFTY_50,0.005135759,0.014451456416601616,0.007735839,0.009982817
21-08-2024,24770.19922,24787.94922,24654.5,24680.55078,257100,NIFTY_50,0.002888783,0.026148524,0.011893779709914565,0.009989168
22-08-2024,24811.5,24867.34961,24784.44922,24863.40039,220300,NIFTY_50,0.001667358,0.027657261,0.016302455608577127,0.009960445
23-08-2024,24823.15039,24858.40039,24771.65039,24845.40039,206800,NIFTY_50,0.000469556,0.011490903870086111,0.017087973,0.009957209
26-08-2024,25010.59961,25043.80078,24874.69922,24906.09961,210300,NIFTY_50,0.007551387,0.017822628,0.007076749,0.009305052
27-08-2024,25017.75,25073.09961,24973.65039,25024.80078,223300,NIFTY_50,0.000285894,0.012911548,0.007313966,0.009304743
28-08-2024,25052.34961,25129.59961,24964.65039,25030.80078,220400,NIFTY_50,0.001383002,0.011390719474368316,0.007846742,0.009306837
29-08-2024,25151.94922,25192.90039,24998.5,25035.30078,354000,NIFTY_50,0.003975659,0.013721428319529272,0.008047678,0.009310727
30-08-2024,25235.90039,25268.34961,25199.40039,25249.69922,638200,NIFTY_50,0.00333776,0.016627623549180237,0.008996078,0.009323515
02-09-2024,25278.69922,25333.65039,25235.5,25333.59961,222800,NIFTY_50,0.00169595,0.010719439500143091,0.022696287184142294,0.008870237
03-09-2024,25279.84961,25321.69922,25235.80078,25313.40039,212100,NIFTY_50,4.550829989491412e-05,0.010476546027320621,0.050892516,0.005978736
04-09-2024,25198.69922,25216,25083.80078,25089.94922,253800,NIFTY_50,-0.003210082,0.005841752,0.050271788,0.00600669
05-09-2024,25145.09961,25275.44922,25127.75,25250.5,222200,NIFTY_50,-0.002127078,-0.000272329,0.034884231,0.005576577
06-09-2024,24852.15039,25168.75,24801.30078,25093.69922,311700,NIFTY_50,-0.01165035,-0.015206511,0.030482663,0.006004961
09-09-2024,24936.40039,24957.5,24753.15039,24823.40039,254400,NIFTY_50,0.003390049,-0.013540998,0.023346686801066996,0.005654778
10-09-2024,25041.09961,25130.5,24896.80078,24999.40039,251300,NIFTY_50,0.00419865,-0.009444281,0.028508629784983697,0.005672713
11-09-2024,24918.44922,25113.69922,24885.15039,25034,279200,NIFTY_50,-0.004897963,-0.011121606,0.032290038,0.005387066
12-09-2024,25388.90039,25433.34961,24941.44922,25059.65039,380100,NIFTY_50,0.018879633,0.009695757,0.051572369272586016,0.006611012
13-09-2024,25356.5,25430.5,25292.44922,25430.44922,250800,NIFTY_50,-0.001276164,0.020294002790408605,0.033223773,0.005782975
16-09-2024,25383.75,25445.69922,25336.19922,25406.65039,168700,NIFTY_50,0.001074675,0.017939622494318908,0.033008226482742486,0.005783863
17-09-2024,25418.55078,25441.65039,25352.25,25416.90039,216000,NIFTY_50,0.001370987,0.015073266660130535,0.029139056403737262,0.005725099
18-09-2024,25377.55078,25482.19922,25285.55078,25402.40039,215700,NIFTY_50,-0.001612995,0.018424163,0.024519446,0.005754087
19-09-2024,25415.80078,25611.94922,25376.05078,25487.05078,314500,NIFTY_50,0.001507238,0.001059534,0.024355673024605506,0.005753555
20-09-2024,25790.94922,25849.25,25426.59961,25525.94922,533100,NIFTY_50,0.014760441377741573,0.017133643,0.038987752,0.006495123
23-09-2024,25939.05078,25956,25847.34961,25872.55078,209200,NIFTY_50,0.005742385,0.021876231102575527,0.037122308,0.006424998
24-09-2024,25940.40039,26011.55078,25886.84961,25921.44922,384100,NIFTY_50,5.2030021699067674e-05,0.020530266,0.036879831,0.006428194
25-09-2024,26004.15039,26032.80078,25871.34961,25899.44922,278500,NIFTY_50,0.002457557,0.024691098631864694,0.037992475599726516,0.006428735
26-09-2024,26216.05078,26250.90039,25998.40039,26005.40039,370900,NIFTY_50,0.008148714,0.031486318565668414,0.042306922,0.006566384
27-09-2024,26178.94922,26277.34961,26151.40039,26248.25,490300,NIFTY_50,-0.001415223,0.015044037220542705,0.037369335,0.006604911
30-09-2024,25810.84961,26134.69922,25794.09961,26061.30078,343100,NIFTY_50,-0.014060901,-0.0049424,0.021051335989246134,0.007503692
01-10-2024,25796.90039,25907.59961,25739.19922,25788.44922,247400,NIFTY_50,-0.00054044,-0.005531912,0.020453079794361395,0.007509039
03-10-2024,25250.09961,25639.44922,25230.30078,25452.84961,423400,NIFTY_50,-0.021196375,-0.028997324,0.002039803,0.00897813
04-10-2024,25014.59961,25485.05078,24966.80078,25181.90039,374900,NIFTY_50,-0.009326696,-0.045828839,-0.005189878,0.009215034
07-10-2024,24795.75,25143,24694.34961,25084.09961,374300,NIFTY_50,-0.008748875,-0.052836315,-0.002269437,0.009046914
08-10-2024,25013.15039,25044,24756.80078,24832.19922,333200,NIFTY_50,0.008767647,-0.030905578,0.00307783,0.0092333
09-10-2024,24981.94922,25234.05078,24947.69922,25065.80078,290600,NIFTY_50,-0.001247391,-0.03159105,-0.002362132,0.009189189
10-10-2024,24998.44922,25134.05078,24979.40039,25067.05078,261400,NIFTY_50,0.000660477,-0.009966313,0.003210473,0.009119534
11-10-2024,24964.25,25028.65039,24920.05078,24985.30078,210500,NIFTY_50,-0.001368054,-0.002012809,-0.016725828,0.007990709
14-10-2024,25127.94922,25159.75,25017.5,25023.44922,206400,NIFTY_50,0.006557346,0.013397425718117084,-0.009013499,0.008157042
15-10-2024,25057.34961,25212.05078,25008.15039,25186.30078,257200,NIFTY_50,-0.002809605,0.001767039,-0.012858636,0.008165796
16-10-2024,24971.30078,25093.40039,24908.44922,25008.55078,226800,NIFTY_50,-0.003434075,-0.000426245,-0.017595417,0.008174968
17-10-2024,24749.84961,25029.5,24728.90039,25027.40039,252800,NIFTY_50,-0.008868227,-0.009944601,-0.024734506,0.00836903
18-10-2024,24854.05078,24886.19922,24567.65039,24664.94922,290900,NIFTY_50,0.004210174,-0.004414281,-0.022102392,0.008436905
21-10-2024,24781.09961,24978.30078,24679.59961,24956.15039,242000,NIFTY_50,-0.002935182,-0.013803339,-0.039155194,0.007571438
22-10-2024,24472.09961,24882,24445.80078,24798.65039,279500,NIFTY_50,-0.01246918,-0.023356421,-0.056553772,0.007689562
23-10-2024,24435.5,24604.25,24378.09961,24378.15039,284600,NIFTY_50,-0.001495565,-0.021456663,-0.058013769,0.007666274
24-10-2024,24399.40039,24480.65039,24341.19922,24412.69922,216700,NIFTY_50,-0.001477343,-0.01415965,-0.061711303,0.007569925
25-10-2024,24180.80078,24440.25,24073.90039,24418.05078,372600,NIFTY_50,-0.008959221,-0.02708814,-0.077633737,0.007182361
28-10-2024,24339.15039,24492.59961,24134.90039,24251.09961,278600,NIFTY_50,0.006548568,-0.017834125,-0.070277795,0.007545249
29-10-2024,24466.84961,24484.5,24140.84961,24328.84961,332000,NIFTY_50,0.005246659,-0.00021453,-0.052071126,0.007370822
30-10-2024,24340.84961,24498.19922,24307.30078,24371.44922,285200,NIFTY_50,-0.005149825,-0.003873479,-0.056442858,0.007373639
31-10-2024,24205.34961,24372.44922,24172.59961,24349.84961,287000,NIFTY_50,-0.005566774,-0.007953096,-0.041376074,0.006036691
01-11-2024,24304.34961,24368.25,24280.19922,24302.75,38800,NIFTY_50,0.004090005,0.005109377,-0.028393419,0.005935179
04-11-2024,23995.34961,24316.75,23816.15039,24315.75,285500,NIFTY_50,-0.012713774,-0.014125422,-0.032279741,0.00625061
05-11-2024,24213.30078,24229.05078,23842.75,23916.5,289500,NIFTY_50,0.009083059,-0.010362954,-0.031977164,0.006278535
06-11-2024,24484.05078,24537.59961,24204.05078,24308.75,351100,NIFTY_50,0.011181870759630508,0.005883162,-0.019930328,0.00690015
07-11-2024,24199.34961,24503.34961,24179.05078,24489.59961,322200,NIFTY_50,-0.011628026,-0.000247879,-0.031965967,0.007282582
08-11-2024,24148.19922,24276.15039,24066.65039,24207.69922,298700,NIFTY_50,-0.002113709,-0.006424792,-0.032688776,0.007283252
11-11-2024,24141.30078,24336.80078,24004.59961,24087.25,273400,NIFTY_50,-0.000285671,0.006082477,-0.039264981,0.007034622
12-11-2024,23883.44922,24242,23839.15039,24225.80078,255800,NIFTY_50,-0.010680931,-0.013622743,-0.046848546,0.007298864
13-11-2024,23559.05078,23873.59961,23509.59961,23822.44922,304600,NIFTY_50,-0.013582562,-0.037779696,-0.056554923,0.007717435
14-11-2024,23532.69922,23675.90039,23484.15039,23542.15039,257700,NIFTY_50,-0.001118532,-0.027548277,-0.049178092,0.007594429
18-11-2024,23453.80078,23606.80078,23350.40039,23605.30078,263300,NIFTY_50,-0.003352715,-0.028755703,-0.056338905,0.007429712
19-11-2024,23518.5,23780.65039,23464.80078,23529.55078,297500,NIFTY_50,0.002758581,-0.025798145,-0.050950104,0.007535374
21-11-2024,23349.90039,23507.30078,23263.15039,23488.44922,420300,NIFTY_50,-0.007168808,-0.022339689,-0.04585627,0.007257508
22-11-2024,23907.25,23956.09961,23359,23411.80078,367600,NIFTY_50,0.023869464111237804,0.014779849238540699,-0.021618138,0.009329516
25-11-2024,24221.90039,24351.55078,24135.44922,24253.55078,687200,NIFTY_50,0.013161295867362366,0.029286957924736123,-0.007274769,0.0098538
26-11-2024,24194.5,24343.30078,24125.40039,24343.30078,230700,NIFTY_50,-0.001131224,0.031581201940716896,0.000566533,0.009645815
27-11-2024,24274.90039,24354.55078,24145.65039,24204.80078,295000,NIFTY_50,0.003323085,0.032161931697387125,-0.00263978,0.009558405
28-11-2024,23914.15039,24345.75,23873.34961,24274.15039,366700,NIFTY_50,-0.014861029,0.024164985313022802,-0.022589717,0.010014278013219467
29-11-2024,24131.09961,24188.44922,23927.15039,23927.15039,282100,NIFTY_50,0.009072002,0.009363252,-0.008617201,0.010214085271972576
02-12-2024,24276.05078,24301.69922,24008.65039,24140.84961,220400,NIFTY_50,0.00600682,0.002235596,0.00292089,0.010232788348723263
03-12-2024,24457.15039,24481.34961,24280,24367.5,339500,NIFTY_50,0.007460011,0.010855789151460016,0.006286973,0.010327601151752804
04-12-2024,24467.44922,24573.19922,24366.30078,24488.75,348000,NIFTY_50,0.000421097,0.007932013,0.019674629336950744,0.009859213
05-12-2024,24708.40039,24857.75,24295.55078,24539.15039,361500,NIFTY_50,0.009847826,0.033212554,0.020447423250876673,0.009893551
06-12-2024,24677.80078,24751.05078,24620.5,24729.44922,226700,NIFTY_50,-0.001238429,0.02265546,0.007913315,0.009610454
09-12-2024,24619,24705,24580.05078,24633.90039,248100,NIFTY_50,-0.00238274,0.014127059703421097,0.017341391293525632,0.009213694
10-12-2024,24610.05078,24677.80078,24510.65039,24652.65039,261000,NIFTY_50,-0.000363509,0.006251766,0.019125714440080932,0.009191847
11-12-2024,24641.80078,24691.75,24583.84961,24620.5,187300,NIFTY_50,0.001290123,0.007125858,0.020732105719370564,0.00918711
12-12-2024,24548.69922,24675.25,24527.94922,24604.44922,266100,NIFTY_50,-0.003778196,-0.006463436,0.027854016976649243,0.008845884
13-12-2024,24768.30078,24792.30078,24180.80078,24498.34961,310100,NIFTY_50,0.008945548,0.003667264,0.051328469,0.008250365
16-12-2024,24668.25,24781.25,24601.75,24753.40039,187600,NIFTY_50,-0.004039469,0.002000487,0.048254166,0.008343824
17-12-2024,24336,24624.09961,24303.44922,24584.80078,264900,NIFTY_50,-0.01346873,-0.011135726,0.037614339227067584,0.008991846
18-12-2024,24198.84961,24394.44922,24149.84961,24297.94922,235300,NIFTY_50,-0.0056357,-0.017975601,0.028928274,0.009143612
19-12-2024,23951.69922,24004.90039,23870.30078,23877.15039,271100,NIFTY_50,-0.010213312,-0.024319007,0.025773079,0.009318609
20-12-2024,23587.5,24065.80078,23537.34961,23960.69922,442700,NIFTY_50,-0.015205569,-0.047673871,-0.013374604,0.008390836
23-12-2024,23753.44922,23869.55078,23647.19922,23738.19922,189800,NIFTY_50,0.007035473,-0.037084138,-0.019339984,0.007961365
24-12-2024,23727.65039,23867.65039,23685.15039,23769.09961,177700,NIFTY_50,-0.001086109,-0.024997929,-0.019295692,0.007961316
26-12-2024,23750.19922,23854.5,23653.59961,23775.80078,177700,NIFTY_50,0.000950319,-0.018540154,-0.021614967,0.007911915
27-12-2024,23813.40039,23938.84961,23800.59961,23801.40039,176800,NIFTY_50,0.00266108,-0.005774072,-0.004212987,0.00724559
30-12-2024,23644.90039,23915.34961,23599.30078,23796.90039,364900,NIFTY_50,-0.007075848,0.002433509,-0.020148241,0.007056883
31-12-2024,23644.80078,23689.84961,23460.44922,23560.59961,193600,NIFTY_50,-4.21E-06,-0.004574007,-0.026002994,0.006868541
01-01-2025,23742.90039,23822.80078,23562.80078,23637.65039,154900,NIFTY_50,0.004148887,0.00064271,-0.029204138,0.006683854
02-01-2025,24188.65039,24226.69922,23751.55078,23783,283200,NIFTY_50,0.018774033191665485,0.018460947,-0.011394683,0.008071472
03-01-2025,24004.75,24196.44922,23976,24196.40039,312300,NIFTY_50,-0.007602755,0.008035375,-0.028478185,0.007828782
06-01-2025,23616.05078,24089.94922,23551.90039,24045.80078,278100,NIFTY_50,-0.016192596,-0.00122012,-0.043024498,0.008496711
07-01-2025,23707.90039,23795.19922,23637.80078,23679.90039,262300,NIFTY_50,0.003889287,0.002668646,-0.037007986,0.00860322
08-01-2025,23688.94922,23751.84961,23496.15039,23746.65039,266400,NIFTY_50,-0.000799361,-0.002272308,-0.037427861,0.008599811
09-01-2025,23526.5,23689.5,23503.05078,23674.75,269200,NIFTY_50,-0.006857595,-0.027374425,-0.045260523,0.008635127
10-01-2025,23431.5,23596.59961,23344.34961,23551.90039,261000,NIFTY_50,-0.004038,-0.02388069,-0.045509508,0.008637698
13-01-2025,23085.94922,23340.94922,23047.25,23195.40039,316500,NIFTY_50,-0.014747275,-0.022446664,-0.067923576,0.008640269
14-01-2025,23176.05078,23264.94922,23134.15039,23165.90039,311200,NIFTY_50,0.003902874,-0.022433434,-0.06049068,0.008794128
15-01-2025,23213.19922,23293.65039,23146.44922,23250.44922,228000,NIFTY_50,0.00160288,-0.020083204,-0.046137442,0.008497648
16-01-2025,23311.80078,23391.65039,23272.05078,23377.25,299400,NIFTY_50,0.004247651,-0.009125846,-0.036656653,0.008581924
17-01-2025,23203.19922,23292.09961,23100.34961,23277.09961,272900,NIFTY_50,-0.004658652,-0.009743328,-0.031250392,0.008383955
20-01-2025,23344.75,23391.09961,23170.65039,23290.40039,301500,NIFTY_50,0.006100486,0.011210316,-0.010291468,0.007897366
21-01-2025,23024.65039,23426.30078,22976.84961,23421.65039,312900,NIFTY_50,-0.013711846,-0.006532622,-0.030681811,0.008213488
22-01-2025,23155.34961,23169.55078,22981.30078,23099.15039,276000,NIFTY_50,0.005676491,-0.0024921,-0.024119572,0.008370205
23-01-2025,23205.34961,23270.80078,23090.65039,23128.30078,275600,NIFTY_50,0.002159328,-0.004566407,-0.022940844,0.008390792
24-01-2025,23092.19922,23347.30078,23050,23183.90039,264300,NIFTY_50,-0.004876048,-0.004783823,-0.030285518,0.00838099
27-01-2025,22829.15039,23007.44922,22786.90039,22940.15039,257400,NIFTY_50,-0.011391242,-0.02208632,-0.03450004,0.008585077
28-01-2025,22957.25,23137.94922,22857.65039,22960.44922,361900,NIFTY_50,0.00561123,-0.002927314,-0.029078307,0.00873463
29-01-2025,23163.09961,23183.34961,22976.5,23026.75,226300,NIFTY_50,0.008966649,0.000334696,-0.024419964,0.008960337
30-01-2025,23249.5,23322.05078,23139.19922,23169.5,361900,NIFTY_50,0.003730088,0.001902595,-0.038826077,0.007744528
31-01-2025,23508.40039,23546.80078,23277.40039,23296.75,304900,NIFTY_50,0.011135740150325812,0.018023453198734662,-0.020677141,0.00814759
01-02-2025,23482.15039,23632.44922,23318.30078,23528.59961,281000,NIFTY_50,-0.001116622,0.02860378,-0.005669889,0.007325128
03-02-2025,23361.05078,23381.59961,23222,23319.34961,329700,NIFTY_50,-0.005157092,0.017589248766729515,-0.014630128,0.007334809
04-02-2025,23739.25,23762.75,23423.15039,23509.90039,376700,NIFTY_50,0.016189306820631133,0.024873630919059364,0.002123386,0.008250587
05-02-2025,23696.30078,23807.30078,23680.44922,23801.75,267000,NIFTY_50,-0.001809207,0.019217651186046902,0.007217426,0.008101157
06-02-2025,23603.34961,23773.55078,23556.25,23761.94922,307000,NIFTY_50,-0.003922603,0.004038949,0.007334128,0.008097877
07-02-2025,23559.94922,23694.5,23443.19922,23649.5,368100,NIFTY_50,-0.001838739,0.003313105,0.020531969273112072,0.00730272
10-02-2025,23381.59961,23568.59961,23316.30078,23543.80078,234200,NIFTY_50,-0.007570034,0.000879619,0.008869019,0.00751373
11-02-2025,23071.80078,23390.05078,22986.65039,23383.55078,268000,NIFTY_50,-0.013249685,-0.028115851,-0.006091295,0.008106317
12-02-2025,23045.25,23144.69922,22798.34961,23050.80078,279700,NIFTY_50,-0.001150789,-0.027474786,-0.011434157,0.008037409
13-02-2025,23031.40039,23235.5,22992.19922,23055.75,265700,NIFTY_50,-0.000600975,-0.024231697,-0.007404101,0.007979084
14-02-2025,22929.25,23133.69922,22774.84961,23096.44922,254500,NIFTY_50,-0.004435266,-0.026769974,-0.017798434,0.007878566
17-02-2025,22959.5,22974.19922,22725.44922,22809.90039,207400,NIFTY_50,0.001319276,-0.01805264,-0.002829593,0.007283323
18-02-2025,22945.30078,22992.5,22801.5,22963.65039,210600,NIFTY_50,-0.000618446,-0.005482884,-0.009071287,0.007154685
19-02-2025,22932.90039,23049.94922,22814.84961,22847.25,207000,NIFTY_50,-0.000540433,-0.004875174,-0.011740794,0.007128657
20-02-2025,22913.15039,22923.84961,22812.75,22821.09961,240800,NIFTY_50,-0.000861208,-0.005134295,-0.00775365,0.007057075
21-02-2025,22795.90039,22921,22720.30078,22857.19922,242800,NIFTY_50,-0.005117149,-0.005815699,-0.001456471,0.006669992
24-02-2025,22553.34961,22668.05078,22518.80078,22609.34961,214300,NIFTY_50,-0.010640105,-0.017689862,-0.017593588,0.006928674
25-02-2025,22547.55078,22625.30078,22513.90039,22516.44922,250300,NIFTY_50,-0.000257116,-0.017334704,-0.026574545,0.006535692
27-02-2025,22545.05078,22613.30078,22508.40039,22568.94922,289200,NIFTY_50,-0.000110877,-0.016912366,-0.030299543,0.006434972
28-02-2025,22124.69922,22450.34961,22104.84961,22433.40039,551300,NIFTY_50,-0.01864496,-0.034410422,-0.058859861,0.00678878
03-03-2025,22119.30078,22261.55078,22004.69922,22194.55078,282400,NIFTY_50,-0.000244,-0.029680758,-0.058037683,0.006804353
04-03-2025,22082.65039,22105.05078,21964.59961,21974.44922,253300,NIFTY_50,-0.001656942,-0.020870479,-0.054723583,0.006789948
05-03-2025,22337.30078,22394.90039,22067.80078,22073.05078,305900,NIFTY_50,0.011531695069225467,-0.009324738,-0.059056171,0.006154995
06-03-2025,22544.69922,22556.44922,22245.84961,22476.34961,372100,NIFTY_50,0.009284848,-1.56E-05,-0.048598369,0.006741873
07-03-2025,22552.5,22633.80078,22464.75,22508.65039,289800,NIFTY_50,0.000346014,0.019335891,-0.044521207,0.006760879
10-03-2025,22460.30078,22676.75,22429.05078,22521.84961,293900,NIFTY_50,-0.004088204,0.015416400517011652,-0.046674482,0.00677233
11-03-2025,22497.90039,22522.09961,22314.69922,22345.94922,347900,NIFTY_50,0.001674047,0.018804355122892913,-0.037794643,0.006713606
12-03-2025,22470.5,22577.40039,22329.55078,22536.34961,369700,NIFTY_50,-0.001217909,0.005963085,-0.026062152,0.006159553
13-03-2025,22397.19922,22558.05078,22377.34961,22541.5,287500,NIFTY_50,-0.003262089,-0.006542558,-0.028120796,0.006174909
17-03-2025,22508.75,22577,22353.15039,22353.15039,251100,NIFTY_50,0.004980568,-0.001939918,-0.022692949,0.00633725
18-03-2025,22834.30078,22857.80078,22599.19922,22662.25,272600,NIFTY_50,0.014463299,0.016651602471513538,-0.004140965,0.007172108
19-03-2025,22907.59961,22940.69922,22807.94922,22874.94922,324000,NIFTY_50,0.003210032,0.018210554,-0.002260519,0.007205336
20-03-2025,23190.65039,23216.69922,22973.94922,23036.59961,313700,NIFTY_50,0.012356195589090069,0.032048703438953385,0.010692804235344244,0.007720757
21-03-2025,23350.40039,23402.69922,23132.80078,23168.25,541000,NIFTY_50,0.006888552,0.042558945,0.018205285545594307,0.007842756
24-03-2025,23658.34961,23708.75,23433.5,23515.40039,311900,NIFTY_50,0.013188177230298859,0.051073454,0.032522774,0.008290147
25-03-2025,23668.65039,23869.59961,23601.40039,23751.5,338200,NIFTY_50,0.000435397,0.036539310634819744,0.038285393,0.008143835
26-03-2025,23486.84961,23736.5,23451.69922,23700.94922,278600,NIFTY_50,-0.007681079,0.025286368274174853,0.041390747546074635,0.007927812
27-03-2025,23591.94922,23646.44922,23412.19922,23433.94922,510300,NIFTY_50,0.004474828,0.017304337,0.046319818,0.007925637
28-03-2025,23519.34961,23649.19922,23450.19922,23600.40039,295400,NIFTY_50,-0.003077304,0.007235389,0.043215641320945464,0.008000462
01-04-2025,23165.69922,23565.15039,23136.40039,23341.09961,314300,NIFTY_50,-0.015036572,-0.020823532,0.047051487,0.007533963
02-04-2025,23332.34961,23350,23158.44922,23192.59961,341000,NIFTY_50,0.007193842,-0.014208701,0.054841192319843746,0.007583706
03-04-2025,23250.09961,23306.5,23145.80078,23150.30078,283200,NIFTY_50,-0.003525149,-0.010080109,0.052867259957420254,0.007651405
04-04-2025,22904.44922,23214.69922,22857.44922,23190.40039,466800,NIFTY_50,-0.01486662,-0.029141297,0.025390195666616266,0.008281772
07-04-2025,22161.59961,22254,21743.65039,21758.40039,647100,NIFTY_50,-0.032432546,-0.057729062,-0.016992891,0.010976520815919768
08-04-2025,22535.84961,22697.19922,22270.84961,22446.75,468300,NIFTY_50,0.016887318902814252,-0.027188888,-0.000738295,0.011668681653596883
09-04-2025,22399.15039,22468.69922,22353.25,22460.30078,383800,NIFTY_50,-0.006065856,-0.039995938,-0.002722599,0.011713693822755885
11-04-2025,22828.55078,22923.90039,22695.40039,22695.40039,402200,NIFTY_50,0.019170387409190415,-0.018131055,0.014696944376319854,0.012479180681693241
15-04-2025,23328.55078,23368.34961,23207,23368.34961,388300,NIFTY_50,0.021902398,0.018516121,0.038185656,0.013324271233649366
16-04-2025,23437.19922,23452.19922,23273.05078,23344.09961,348400,NIFTY_50,0.004657316,0.057559004,0.046434377,0.013278503260571724
17-04-2025,23851.65039,23872.34961,23298.55078,23401.84961,505300,NIFTY_50,0.017683476937954135,0.058387006,0.05966126,0.013707518639145877
21-04-2025,24125.55078,24189.55078,23903.65039,23949.15039,406100,NIFTY_50,0.011483498464016417,0.077074369,0.056548699,0.013591971350893255
22-04-2025,24167.25,24242.59961,24072,24185.40039,440900,NIFTY_50,0.001728426,0.058641446,0.054988318815799575,0.013593899162196896
23-04-2025,24328.94922,24359.30078,24119.94922,24357.59961,415000,NIFTY_50,0.006690841,0.042883008,0.049084386,0.013441767
24-04-2025,24246.69922,24347.84961,24216.15039,24277.90039,358800,NIFTY_50,-0.003380746,0.03453911,0.038384731,0.013460826046709543
25-04-2025,24039.34961,24365.44922,23847.84961,24289,387700,NIFTY_50,-0.008551663,0.007869444,0.016104250984989354,0.013384938667871982
28-04-2025,24328.5,24355.09961,24054.05078,24070.25,320500,NIFTY_50,0.012028211882747275,0.008412211,0.027878633,0.013613530051535127
29-04-2025,24335.94922,24457.65039,24290.75,24370.69922,357600,NIFTY_50,0.000306193,0.006980489,0.036152128680386086,0.013447268595273495
30-04-2025,24334.19922,24396.15039,24198.75,24342.05078,424500,NIFTY_50,-7.19E-05,0.000215792,0.031462003970832875,0.013439229469728513
02-05-2025,24346.69922,24589.15039,24238.5,24311.90039,421100,NIFTY_50,0.00051368,0.004124273,0.035177402,0.013396863769237148
05-05-2025,24461.15039,24526.40039,24400.65039,24419.5,291500,NIFTY_50,0.004700891,0.017546264,0.055921090904369475,0.012803965388461553
06-05-2025,24379.59961,24509.65039,24331.80078,24500.75,302400,NIFTY_50,-0.00333389,0.002100401,0.044884035,0.012830311341869578
07-05-2025,24414.40039,24449.59961,24220,24233.30078,330100,NIFTY_50,0.001427455,0.003223674,0.050077238,0.012760050886517363
08-05-2025,24273.80078,24447.25,24150.19922,24431.5,411400,NIFTY_50,-0.00575888,-0.002482039,0.059785396,0.012259447133412324
09-05-2025,24008,24164.25,23935.75,23935.75,335600,NIFTY_50,-0.01095011,-0.013911505,0.083315303,0.009658769
12-05-2025,24924.69922,24944.80078,24378.84961,24420.09961,368700,NIFTY_50,0.038183073090219954,0.018950409965291737,0.10600219875363526,0.012030654679017231
13-05-2025,24578.34961,24973.80078,24547.5,24864.05078,423000,NIFTY_50,-0.013895839,0.008152308,0.097289369,0.012530763373035053
14-05-2025,24666.90039,24767.55078,24535.55078,24613.80078,345500,NIFTY_50,0.003602796,0.010342256863165034,0.080528529,0.012061038377125627
15-05-2025,25062.09961,25116.25,24494.44922,24694.44922,500800,NIFTY_50,0.016021438,0.032475294,0.074310181,0.011665481199638946
16-05-2025,25019.80078,25070,24953.05078,25064.65039,432700,NIFTY_50,-0.001687761,0.042144318,0.0675252,0.011722903912665693
19-05-2025,24945.44922,25062.94922,24916.65039,25005.34961,255300,NIFTY_50,-0.002971709,0.000832508,0.045858413,0.011294497789405578
20-05-2025,24683.90039,25010.34961,24669.69922,24996.19922,414800,NIFTY_50,-0.010484831,0.004294462,0.023143497,0.011422317356106985
21-05-2025,24813.44922,24946.19922,24685.34961,24744.25,332700,NIFTY_50,0.005248313,0.005941112,0.026738632601971624,0.011457855845606433
22-05-2025,24609.69922,24737.5,24462.40039,24733.94922,403300,NIFTY_50,-0.008211273,-0.018051177,0.01153975,0.011578345412198019
23-05-2025,24853.15039,24909.05078,24614.05078,24639.5,270500,NIFTY_50,0.009892489,-0.00666074,0.025011700207260734,0.011715543264284107
26-05-2025,25001.15039,25079.19922,24900.5,24919.34961,302800,NIFTY_50,0.005954979,0.002232919,0.040009434,0.011520935
27-05-2025,24826.19922,25062.90039,24704.09961,24956.65039,525700,NIFTY_50,-0.006997725,0.005764844,0.020457456018661224,0.011436732628886689
28-05-2025,24752.44922,24864.25,24737.05078,24832.5,684400,NIFTY_50,-0.002970652,-0.002458344,0.017114598500193257,0.011471735120172362
29-05-2025,24833.59961,24892.59961,24677.30078,24825.09961,345400,NIFTY_50,0.003278479,0.009098055,0.020522573442244285,0.011481092438887409
30-05-2025,24750.69922,24863.94922,24717.40039,24812.59961,853900,NIFTY_50,-0.003338235,-0.004122261,0.016593625,0.011523288447280712
02-06-2025,24716.59961,24754.40039,24526.15039,24669.69922,311100,NIFTY_50,-0.001377723,-0.011381508,0.010443058,0.011497492286597426
03-06-2025,24542.5,24845.09961,24502.15039,24786.30078,349300,NIFTY_50,-0.007043833,-0.011427412,0.006681832,0.011593513709590438
04-06-2025,24620.19922,24644.25,24530.44922,24560.44922,280900,NIFTY_50,0.003165905,-0.005342906,0.008429403,0.011608161663587822
05-06-2025,24750.90039,24899.84961,24613.09961,24691.19922,388400,NIFTY_50,0.005308697,-0.003330134,0.01965492,0.011558641924580613
06-06-2025,25003.05078,25029.5,24671.44922,24748.69922,335600,NIFTY_50,0.010187524,0.010195735,0.041446634,0.011369793206619397
09-06-2025,25103.19922,25160.09961,25077.15039,25160.09961,279200,NIFTY_50,0.004005449,0.015641294331942168,0.007161571,0.007605207
10-06-2025,25104.25,25199.30078,25055.44922,25196.05078,307300,NIFTY_50,4.18584595869298e-05,0.022888866,0.021396896007387145,0.006826518
11-06-2025,25141.40039,25222.40039,25081.30078,25134.15039,301200,NIFTY_50,0.001479845,0.021169656965166483,0.019236304216817546,0.006801706
12-06-2025,24888.19922,25196.19922,24825.90039,25164.44922,328300,NIFTY_50,-0.010071085,0.005547226,-0.00693878,0.006243244
13-06-2025,24718.59961,24754.34961,24473,24473,318700,NIFTY_50,-0.006814459,-0.011376659,-0.012038512,0.006405091
16-06-2025,24946.5,24967.09961,24703.59961,24732.34961,305800,NIFTY_50,0.009219794,-0.006242201,4.212316406038141e-05,0.006737587
17-06-2025,24853.40039,24982.05078,24813.69922,24977.84961,242400,NIFTY_50,-0.003731971,-0.009992316,0.006866824,0.006340773
18-06-2025,24812.05078,24947.55078,24750.44922,24788.34961,237600,NIFTY_50,-0.001663741,-0.013099891,-5.64E-05,0.006248082
19-06-2025,24793.25,24863.09961,24733.40039,24803.25,274600,NIFTY_50,-0.000757728,-0.00381503,0.007458473,0.005946557
20-06-2025,25112.40039,25136.19922,24783.65039,24787.65039,574700,NIFTY_50,0.012872471,0.015931354828881306,0.010431273135408814,0.006227906
23-06-2025,24971.90039,25057,24824.84961,24939.75,248500,NIFTY_50,-0.005594845,0.001018195,-0.001169946,0.006234596
24-06-2025,25044.34961,25317.69922,24999.69922,25179.90039,450200,NIFTY_50,0.00290123,0.007683022,0.008787104,0.006043165
25-06-2025,25244.75,25266.80078,25125.05078,25150.34961,260600,NIFTY_50,0.008001821,0.017439075172173357,0.019888972476997724,0.006211534
26-06-2025,25549,25565.30078,25259.90039,25268.94922,428900,NIFTY_50,0.012052010814129765,0.030482086858318214,0.028807761,0.0066733
27-06-2025,25637.80078,25654.19922,25523.55078,25576.65039,564000,NIFTY_50,0.003475705,0.02092195,0.035841475,0.006589815
30-06-2025,25517.05078,25669.34961,25473.30078,25661.65039,271000,NIFTY_50,-0.004709842,0.021830553,0.032385166,0.006714863
01-07-2025,25541.80078,25593.40039,25501.80078,25551.34961,260700,NIFTY_50,0.00096994,0.019862811,0.040717155,0.006402746
02-07-2025,25453.40039,25608.09961,25378.75,25588.30078,309800,NIFTY_50,-0.003461009,0.0082651,0.033842178,0.00651072
03-07-2025,25405.30078,25587.5,25384.34961,25505.09961,293400,NIFTY_50,-0.001889713,-0.005624456,0.026439457971107583,0.006498845
04-07-2025,25461,25470.25,25331.65039,25428.84961,193500,NIFTY_50,0.002192425,-0.006896098,0.018315733658126998,0.006162226
07-07-2025,25461.30078,25489.80078,25407.25,25450.44922,196100,NIFTY_50,1.1813410706551508e-05,-0.002184814,0.014265176298028592,0.006121756
08-07-2025,25522.5,25548.05078,25424.15039,25427.84961,210400,NIFTY_50,0.002403617,-0.000755655,0.016660526,0.006130632
09-07-2025,25476.09961,25548.69922,25424.34961,25514.59961,239100,NIFTY_50,-0.001818019,0.000891795,0.013312672068768627,0.006156933
10-07-2025,25355.25,25524.05078,25340.44922,25511.65039,219600,NIFTY_50,-0.004743646,-0.001970092,0.018765953,0.00577046
11-07-2025,25149.84961,25322.44922,25129,25255.5,250000,NIFTY_50,-0.008100902,-0.012220667,0.017446376688606602,0.005867862
14-07-2025,25082.30078,25151.09961,25001.94922,25149.5,259500,NIFTY_50,-0.002685854,-0.014885335,0.005443681,0.005573978
15-07-2025,25195.80078,25245.19922,25088.44922,25089.5,241300,NIFTY_50,0.004525103,-0.01280044,0.013776802580067082,0.005566484
16-07-2025,25212.05078,25255.30078,25121.05078,25196.59961,228800,NIFTY_50,0.000644949,-0.01036457,0.016121198667796932,0.005538776
17-07-2025,25111.44922,25238.34961,25101,25230.75,243400,NIFTY_50,-0.003990217,-0.009615396,0.012834106813346402,0.005633423
18-07-2025,24968.40039,25144.59961,24918.65039,25108.55078,317000,NIFTY_50,-0.005696558,-0.007214724,-0.005734219,0.005009092
21-07-2025,25090.69922,25111.40039,24882.30078,24999,305200,NIFTY_50,0.004898144,0.000334835,0.0047573,0.004972012
22-07-2025,25060.90039,25182,25035.55078,25166.65039,483700,NIFTY_50,-0.001187644,-0.005354082,0.000660859,0.004941187
23-07-2025,25219.90039,25233.5,25085.5,25139.34961,271500,NIFTY_50,0.006344545,0.000311344,-0.000984348,0.004812954
24-07-2025,25062.09961,25246.25,25018.69922,25243.30078,338700,NIFTY_50,-0.006256995,-0.001965223,-0.019057513,0.004077299
25-07-2025,24837,25010.34961,24806.34961,25010.34961,278100,NIFTY_50,-0.008981674,-0.005262668,-0.031235159,0.004309917
28-07-2025,24680.90039,24889.19922,24646.59961,24782.44922,262100,NIFTY_50,-0.006284962,-0.016332699,-0.032768301,0.004383941
29-07-2025,24821.09961,24847.15039,24598.59961,24609.65039,284700,NIFTY_50,0.005680474,-0.009568722,-0.028216537,0.00465082
30-07-2025,24855.05078,24902.30078,24771.94922,24890.40039,243900,NIFTY_50,0.001367835,-0.014466735,-0.023507649,0.004664597
31-07-2025,24768.34961,24956.5,24635,24642.25,346300,NIFTY_50,-0.003488272,-0.011720886,-0.025071586,0.004691048
01-08-2025,24565.34961,24784.15039,24535.05078,24734.90039,263400,NIFTY_50,-0.008195944,-0.010937327,-0.035177345,0.00486091
04-08-2025,24722.75,24736.25,24554,24596.05078,259300,NIFTY_50,0.006407415,0.001695627,-0.029006797,0.005184436
05-08-2025,24649.55078,24733.09961,24590.30078,24720.25,251800,NIFTY_50,-0.002960804,-0.006911411,-0.034203123,0.005112407
06-08-2025,24574.19922,24671.40039,24539.19922,24641.34961,225100,NIFTY_50,-0.003056914,-0.011299577,-0.035401824,0.005121077
07-08-2025,24596.15039,24634.19922,24344.15039,24464.19922,616700,NIFTY_50,0.000893261,-0.00695239,-0.029938557,0.005104945
08-08-2025,24363.30078,24585.5,24337.5,24544.25,312600,NIFTY_50,-0.009466913,-0.008224952,-0.031274494,0.005205959
11-08-2025,24585.05078,24600.84961,24347.44922,24371.5,241100,NIFTY_50,0.009101804,-0.005569737,-0.019824736,0.005715815
12-08-2025,24487.40039,24702.59961,24465.65039,24563.34961,237000,NIFTY_50,-0.003971942,-0.006578229,-0.028115812,0.005599286
13-08-2025,24619.34961,24664.55078,24535.25,24586.19922,236000,NIFTY_50,0.005388454,0.001837309,-0.023508646,0.005788188
14-08-2025,24631.30078,24673.65039,24596.90039,24607.25,270200,NIFTY_50,0.000485438,0.001429101,-0.019120698,0.00575998
18-08-2025,24876.94922,25022,24852.84961,24938.19922,363100,NIFTY_50,0.009973019,0.021082875514770283,-0.003662676,0.0061338
19-08-2025,24980.65039,25012.65039,24873.94922,24891.34961,252300,NIFTY_50,0.004168565,0.016091063341496348,-0.004386041,0.006104198
20-08-2025,25050.55078,25088.69922,24929.69922,24965.80078,287100,NIFTY_50,0.002798181,0.022997557,-0.000412978,0.006135312
21-08-2025,25083.75,25153.65039,25054.90039,25142,226500,NIFTY_50,0.001325289,0.018863227420441664,-0.00539853,0.005962227
22-08-2025,24870.09961,25084.84961,24859.15039,25064.15039,210200,NIFTY_50,-0.008517482,0.009694934,-0.00766097,0.00610181
25-08-2025,24967.75,25021.55078,24894.34961,24949.15039,213000,NIFTY_50,0.003926417,0.003649997,0.005264323,0.005818724
26-08-2025,24712.05078,24919.65039,24689.59961,24899.5,750500,NIFTY_50,-0.01024118,-0.010752306,0.001262125,0.006113387
28-08-2025,24500.90039,24702.65039,24481.59961,24695.80078,326600,NIFTY_50,-0.00854443,-0.021941649,-0.012900283,0.006253497
29-08-2025,24426.84961,24572.44922,24404.69922,24466.69922,325500,NIFTY_50,-0.00302237,-0.026188285,-0.017227934,0.006256715
01-09-2025,24625.05078,24635.59961,24432.69922,24432.69922,229300,NIFTY_50,0.00811407,-0.00985315,-0.005785562,0.006531078
02-09-2025,24579.59961,24756.09961,24522.34961,24653,271600,NIFTY_50,-0.001845729,-0.01554607,0.000580085,0.006274796
03-09-2025,24715.05078,24737.05078,24533.19922,24616.5,340300,NIFTY_50,0.005510715,0.000121398,-0.000311422,0.006230006
04-09-2025,24734.30078,24980.75,24708.19922,24980.75,314100,NIFTY_50,0.000778878,0.009526196,0.003438197,0.006192381
05-09-2025,24741,24832.34961,24621.59961,24818.84961,210100,NIFTY_50,0.000270847,0.012860863993874538,0.006787639,0.006145077
08-09-2025,24773.15039,24885.5,24751.55078,24802.59961,213200,NIFTY_50,0.001299478,0.006014185,0.007196248,0.006147616
09-09-2025,24868.59961,24891.80078,24814,24864.09961,226900,NIFTY_50,0.00385293,0.011757717969082426,0.020740162946798923,0.005732598
10-09-2025,24973.09961,25035.69922,24915.05078,24991,244100,NIFTY_50,0.004202086,0.010440958847665716,0.015783934374500097,0.005468675
11-09-2025,25005.5,25037.30078,24940.15039,24945.5,224600,NIFTY_50,0.001297412,0.010964499103834902,0.021157803650458273,0.005352496
12-09-2025,25114,25139.44922,25038.05078,25074.44922,225700,NIFTY_50,0.004339045,0.015076189321369338,0.020091936,0.005312838
15-09-2025,25069.19922,25138.44922,25048.75,25118.90039,185400,NIFTY_50,-0.001783897,0.011950391,0.017778128787795833,0.005348711
16-09-2025,25239.09961,25261.40039,25070.44922,25073.59961,240100,NIFTY_50,0.006777256,0.014898305727690797,0.014557668926382883,0.005105445
17-09-2025,25330.25,25346.5,25275.34961,25276.59961,268900,NIFTY_50,0.003611476,0.014301404159334785,0.013994816144026423,0.005087215
18-09-2025,25423.59961,25448.94922,25329.75,25441.05078,272200,NIFTY_50,0.003685302,0.016720306,0.014891841356407198,0.00511022
19-09-2025,25327.05078,25428.75,25286.30078,25410.19922,380400,NIFTY_50,-0.003797607,0.008483347,0.009699538,0.005207427
22-09-2025,25202.34961,25331.69922,25151.05078,25238.09961,254500,NIFTY_50,-0.004923636,0.005311314,0.013359415732888902,0.004934918
23-09-2025,25169.5,25261.90039,25084.65039,25209,299200,NIFTY_50,-0.001303434,-0.002757611,0.008080424,0.004891956
24-09-2025,25056.90039,25149.84961,25027.44922,25108.75,244400,NIFTY_50,-0.004473653,-0.01079143,0.013954714338668017,0.004373293
25-09-2025,24890.84961,25092.69922,24878.30078,25034.5,342500,NIFTY_50,-0.006626948,-0.02095494,0.01591571,0.004176503
26-09-2025,24654.69922,24868.59961,24629.44922,24818.55078,291500,NIFTY_50,-0.009487438,-0.026546777,0.009327834,0.004704572
29-09-2025,24634.90039,24791.30078,24606.19922,24728.55078,394400,NIFTY_50,-0.000803045,-0.022515727,0.000399983,0.00435181
30-09-2025,24611.09961,24731.80078,24587.69922,24691.94922,303000,NIFTY_50,-0.000966141,-0.022185597,0.001281551,0.004336284
01-10-2025,24836.30078,24867.94922,24605.94922,24620.55078,308900,NIFTY_50,0.00915039,-0.008803946,0.004905917,0.004642095
03-10-2025,24894.25,24904.80078,24747.55078,24759.55078,365900,NIFTY_50,0.002333247,0.000136612,0.006466697,0.004664286
06-10-2025,25077.65039,25095.94922,24881.65039,24916.55078,268800,NIFTY_50,0.007367179,0.017154992,0.013606983979022713,0.004922121
07-10-2025,25108.30078,25220.90039,25076.30078,25085.30078,288000,NIFTY_50,0.001222219,0.019216655,0.013528775522705816,0.004921645
08-10-2025,25046.15039,25192.5,25008.5,25079.75,227400,NIFTY_50,-0.002475293,0.017677015174254018,0.007139557,0.004910576
09-10-2025,25181.80078,25199.25,25024.30078,25074.30078,286300,NIFTY_50,0.005416018,0.013911089378529029,0.008357039,0.004967642
10-10-2025,25285.34961,25330.75,25156.84961,25167.65039,232900,NIFTY_50,0.00411205,0.015710439534229792,0.011191522,0.005033009
13-10-2025,25227.34961,25267.30078,25152.30078,25177.30078,234300,NIFTY_50,-0.002293818,0.005969428,0.004513403,0.004989835
14-10-2025,25145.5,25310.34961,25060.55078,25277.55078,292100,NIFTY_50,-0.003244479,0.001481551,0.003043607,0.005031484
15-10-2025,25323.55078,25365.15039,25159.34961,25181.94922,289900,NIFTY_50,0.007080821,0.011075569949816844,0.003346045,0.005052896
16-10-2025,25585.30078,25625.40039,25376.84961,25394.90039,372800,NIFTY_50,0.010336228211479837,0.016023476776150236,0.01006902,0.005497499
17-10-2025,25709.84961,25781.5,25508.59961,25546.84961,422100,NIFTY_50,0.004867984,0.016788378,0.011259224,0.005539591
20-10-2025,25843.15039,25926.19922,25788.5,25824.59961,301100,NIFTY_50,0.005184814,0.024410046667017182,0.020377407,0.005530581
21-10-2025,25868.59961,25934.34961,25825.80078,25901.19922,42500,NIFTY_50,0.000984757,0.028756620841701386,0.026436027208834645,0.00535107
23-10-2025,25891.40039,26104.19922,25862.44922,26057.19922,448400,NIFTY_50,0.000881408,0.022423775175930194,0.028681555,0.005316906
24-10-2025,25795.15039,25944.15039,25718.19922,25935.09961,284900,NIFTY_50,-0.003717451,0.00820196,0.029462942,0.005275252
27-10-2025,25966.05078,26005.94922,25827,25843.19922,266300,NIFTY_50,0.006625292,0.009965098,0.043196644,0.005031875
28-10-2025,25936.19922,26041.69922,25810.05078,25939.94922,395200,NIFTY_50,-0.001149638,0.003600522,0.051977920664528554,0.004312843
29-10-2025,26053.90039,26097.84961,25960.30078,25982,321900,NIFTY_50,0.004538104,0.007163155,0.057601207128891385,0.004259613
30-10-2025,25877.84961,26032.05078,25845.25,25984.40039,257400,NIFTY_50,-0.006757176,-0.00052337,0.051470679,0.004703681
31-10-2025,25722.09961,25953.75,25711.19922,25863.80078,334400,NIFTY_50,-0.006018661,-0.002831958,0.03566549,0.004800791
03-11-2025,25763.34961,25803.09961,25645.5,25696.84961,23300,NIFTY_50,0.001603679,-0.007806392,0.034911661,0.004799015
04-11-2025,25597.65039,25787.40039,25578.40039,25744.75,305100,NIFTY_50,-0.006431587,-0.01305314,0.020735594918190436,0.004935607
06-11-2025,25509.69922,25679.15039,25491.55078,25593.34961,371900,NIFTY_50,-0.003435908,-0.020887513,0.015986682690998677,0.005035367
07-11-2025,25492.30078,25551.25,25318.44922,25433.80078,305600,NIFTY_50,-0.000682032,-0.014898797,0.017813132,0.004989634
10-11-2025,25574.34961,25653.44922,25503.5,25503.5,243600,NIFTY_50,0.003218573,-0.005744088,0.015588592393967593,0.004908374
11-11-2025,25694.94922,25715.80078,25449.25,25617,297700,NIFTY_50,0.004715647,-0.002654949,0.016199088234996495,0.004931706
12-11-2025,25875.80078,25934.55078,25781.15039,25834.30078,312600,NIFTY_50,0.007038409,0.010866246955496761,0.025704292441169674,0.005061819
13-11-2025,25879.15039,26010.69922,25808.40039,25906.09961,385200,NIFTY_50,0.000129449,0.014482772560620694,0.029176210082320964,0.004958188
14-11-2025,25910.05078,25940.19922,25740.80078,25767.90039,518900,NIFTY_50,0.001194026,0.016387300761305124,0.023160259201653988,0.004777816
17-11-2025,26013.44922,26024.19922,25906.34961,25948.19922,281800,NIFTY_50,0.003990669,0.017169532,0.016734156895812813,0.004325398
18-11-2025,25910.05078,26029.84961,25876.5,26021.80078,280000,NIFTY_50,-0.003974807,0.008371356,0.007786944,0.004343797
19-11-2025,26052.65039,26074.65039,25856.19922,25918.09961,250100,NIFTY_50,0.005503641,0.006834556,0.008106597,0.004362836
20-11-2025,26192.15039,26246.65039,26063.19922,26132.09961,240400,NIFTY_50,0.005354542,0.012094678352090993,0.012507471843691942,0.004500241
21-11-2025,26068.15039,26179.19922,26052.19922,26109.55078,235600,NIFTY_50,-0.004734243,0.006101864,0.006826591,0.004656297
24-11-2025,25959.5,26142.80078,25912.15039,26122.80078,464700,NIFTY_50,-0.004167936,-0.002073897,0.006371338,0.00467805
25-11-2025,25884.80078,26032.59961,25857.5,25998.5,260500,NIFTY_50,-0.002877529,-0.000974525,-0.003129086,0.004483322
26-11-2025,26205.30078,26215.15039,25842.94922,25842.94922,275300,NIFTY_50,0.012381783530362567,0.005859304,0.010375520338595345,0.005275151
27-11-2025,26215.55078,26310.44922,26141.90039,26261.25,240300,NIFTY_50,0.000391142,0.000893412,0.00620446,0.005190107
28-11-2025,26202.94922,26280.75,26172.40039,26237.44922,202500,NIFTY_50,-0.00048069,0.005171016,0.012562852566282201,0.004922376
01-12-2025,26175.75,26325.80078,26124.19922,26325.80078,213800,NIFTY_50,-0.001038021,0.008330284,0.017636600336453645,0.00468842
02-12-2025,26032.19922,26154.59961,25997.84961,26087.94922,254800,NIFTY_50,-0.005484113,0.005694401,0.010435351514896496,0.004894576
03-12-2025,25986,26066.44922,25891,26004.90039,265700,NIFTY_50,-0.001774695,-0.008368566,0.015171299062558985,0.004650632
04-12-2025,26033.75,26098.25,25938.94922,25981.84961,248100,NIFTY_50,0.001837528,-0.006934845,0.020543197187711915,0.004548385
05-12-2025,26186.44922,26202.59961,25985.34961,25999.80078,249300,NIFTY_50,0.005865433,-0.0006297,0.027229729,0.004653316
08-12-2025,25960.55078,26178.69922,25892.25,26159.80078,320700,NIFTY_50,-0.008626539,-0.00822132,0.015101114115270597,0.005132678
09-12-2025,25839.65039,25923.65039,25728,25867.09961,276000,NIFTY_50,-0.004657081,-0.007396564,0.005631503,0.005180375
10-12-2025,25758,25947.65039,25734.55078,25864.05078,207900,NIFTY_50,-0.003159888,-0.008773955,-0.004552546,0.004979549
11-12-2025,25898.55078,25922.80078,25693.25,25771.40039,206100,NIFTY_50,0.005456588,-0.005193229,0.000749653,0.005138944
12-12-2025,26046.94922,26057.59961,25938.44922,25971.19922,216300,NIFTY_50,0.00572999,-0.005327183,0.005283604,0.005289965
15-12-2025,26027.30078,26047.15039,25904.75,25930.05078,181600,NIFTY_50,-0.000754347,0.002571209,0.000532477,0.005220584
16-12-2025,25860.09961,25980.75,25834.34961,25951.5,264400,NIFTY_50,-0.006424069,0.000791389,-0.001927869,0.005346907
17-12-2025,25818.55078,25929.15039,25770.34961,25902.40039,206500,NIFTY_50,-0.001606677,0.002350756,-0.008985635,0.005189986
18-12-2025,25815.55078,25902.34961,25726.30078,25764.69922,197600,NIFTY_50,-0.000116196,-0.003204813,-0.014378339,0.005009632
19-12-2025,25966.40039,25993.34961,25880.44922,25911.5,382900,NIFTY_50,0.005843362,-0.003092448,-0.003903231,0.005119783
22-12-2025,26172.40039,26180.69922,26047.80078,26055.84961,253000,NIFTY_50,0.007933329,0.0055749,0.008201252,0.005334628
23-12-2025,26177.15039,26233.55078,26119.05078,26205.19922,216600,NIFTY_50,0.000181489,0.012260230472393774,0.011294257655124262,0.005278607
24-12-2025,26142.09961,26236.40039,26123,26170.65039,188800,NIFTY_50,-0.001338984,0.012531642,-0.002411771,0.004497122
26-12-2025,26042.30078,26144.19922,26008.59961,26121.25,142200,NIFTY_50,-0.003817552,0.008783466,-0.006608673,0.004570257
29-12-2025,25942.09961,26106.80078,25920.30078,26063.34961,234300,NIFTY_50,-0.003847631,-0.000935855,-0.009954971,0.004637938
30-12-2025,25938.84961,25976.75,25878,25940.90039,396900,NIFTY_50,-0.000125279,-0.008923552,-0.009050376,0.004636751
31-12-2025,26129.59961,26187.94922,25969,25971.05078,246300,NIFTY_50,0.007353834,-0.0018165,0.003741535,0.00478847
01-01-2026,26146.55078,26197.55078,26113.40039,26173.30078,425600,NIFTY_50,0.000648734,0.000170268,0.006178357,0.004766545
02-01-2026,26328.55078,26340,26118.40039,26155.09961,357500,NIFTY_50,0.006960765,0.010991732,0.011323792432899493,0.004985114
05-01-2026,26250.30078,26373.19922,26210.05078,26333.69922,338800,NIFTY_50,-0.002972059,0.011880348025632426,0.002438344,0.0048821
06-01-2026,26178.69922,26273.94922,26124.75,26189.69922,383000,NIFTY_50,-0.002727647,0.009246733,0.008403074,0.004487269
07-01-2026,26140.75,26187.15039,26067.90039,26143.09961,338200,NIFTY_50,-0.001449622,0.000426734,0.011652619320431823,0.004351218
08-01-2026,25876.84961,26133.19922,25858.44922,26106.5,328500,NIFTY_50,-0.010095364,-0.010314981,0.004614085,0.004906586
09-01-2026,25683.30078,25940.59961,25623,25840.40039,348800,NIFTY_50,-0.007479613,-0.024507616,-0.008311276,0.005033946
12-01-2026,25790.25,25813.15039,25473.40039,25669.05078,275800,NIFTY_50,0.004164154,-0.017525543,-0.009855251,0.004944894
13-01-2026,25732.30078,25899.80078,25603.30078,25897.34961,339500,NIFTY_50,-0.002246943,-0.017051972,-0.011334253,0.004960436
14-01-2026,25665.59961,25791.75,25603.94922,25648.55078,393100,NIFTY_50,-0.002592118,-0.018176617,-0.007521239,0.004793121
16-01-2026,25694.34961,25873.5,25662.40039,25696.05078,434000,NIFTY_50,0.001120176,-0.007052636,-0.00481054,0.00479477
19-01-2026,25585.5,25653.30078,25494.34961,25653.09961,443100,NIFTY_50,-0.004236325,-0.003807952,-0.008911326,0.004877414
20-01-2026,25232.5,25585,25171.34961,25580.30078,409800,NIFTY_50,-0.013796877,-0.02162639,-0.028263463,0.005485787
21-01-2026,25157.5,25300.94922,24919.80078,25141,395600,NIFTY_50,-0.002972357,-0.022337714,-0.038777505,0.005030441
22-01-2026,25289.90039,25435.75,25168.5,25344.15039,486400,NIFTY_50,0.00526286,-0.01463824,-0.033894064,0.005267224
23-01-2026,25048.65039,25347.94922,25025.30078,25344.59961,393900,NIFTY_50,-0.009539381,-0.025130008,-0.041827138,0.005548535
27-01-2026,25175.40039,25246.65039,24932.55078,25063.34961,618700,NIFTY_50,0.005060153,-0.016028595,-0.033288164,0.005756737
28-01-2026,25342.75,25372.09961,25187.65039,25258.84961,574900,NIFTY_50,0.006647346,0.004369365,-0.023103358,0.006020602
29-01-2026,25418.90039,25458.15039,25159.80078,25345,582400,NIFTY_50,0.00300482,0.010390555127695489,-0.020045192,0.006088958
30-01-2026,25320.65039,25370.69922,25213.65039,25247.55078,508400,NIFTY_50,-0.003865234,0.0012159,-0.030959113,0.005788786
02-02-2026,25088.40039,25108.09961,24679.40039,24796.5,449200,NIFTY_50,-0.009172355,0.001586912,-0.04046998,0.006004522
03-02-2026,25727.55078,26341.19922,25641.30078,26308.05078,637300,NIFTY_50,0.025475932330218942,0.021932139392333738,-0.022826931,0.008411259
04-02-2026,25776,25818.55078,25563.94922,25675.05078,429800,NIFTY_50,0.001883165,0.017095619062651002,-0.018068394,0.008425061
05-02-2026,25642.80078,25757.65039,25579.5,25755.90039,343800,NIFTY_50,-0.005167567,0.008808422,-0.020470782,0.008470799
06-02-2026,25693.69922,25703.94922,25491.90039,25605.80078,375500,NIFTY_50,0.001984902,0.014732987595892144,-0.017101682,0.008495975
09-02-2026,25867.30078,25922.25,25780.90039,25888.69922,359400,NIFTY_50,0.006756581,0.031046235650641796,-0.00036901,0.00836312
10-02-2026,25935.15039,25989.44922,25870.44922,25922.65039,460900,NIFTY_50,0.002622988,0.008069156,0.009805967,0.008189954
11-02-2026,25953.84961,26009.40039,25899.80078,25997.44922,331400,NIFTY_50,0.000720999,0.006899814,0.006343467,0.008145381
12-02-2026,25807.19922,25906.69922,25752.40039,25906.69922,419400,NIFTY_50,-0.005650429,0.006411095,0.002910678,0.00823747
13-02-2026,25471.09961,25630.34961,25444.30078,25571.15039,453500,NIFTY_50,-0.013023483,-0.008663587,-0.007578237,0.008737138
16-02-2026,25682.75,25697,25372.69922,25423.59961,275800,NIFTY_50,0.008309433,-0.00713452,-0.000451446,0.008945951
17-02-2026,25725.40039,25764.40039,25570.30078,25637.94922,344100,NIFTY_50,0.001660663,-0.00808748,0.005467956,0.008895485
18-02-2026,25819.34961,25828.05078,25645.15039,25752.65039,310200,NIFTY_50,0.003652002,-0.005182276,0.023257687877737077,0.00827298
19-02-2026,25454.34961,25885.30078,25388.75,25873.34961,298200,NIFTY_50,-0.014136685,-0.013672526,0.011799646601411196,0.00891948
20-02-2026,25571.25,25663.55078,25379.75,25406.55078,296600,NIFTY_50,0.004592551,0.003931923,0.011124978945322272,0.008902376
23-02-2026,25713,25771.44922,25609.34961,25678.40039,313700,NIFTY_50,0.005543335,0.001177833,0.026522371,0.008633855
24-02-2026,25424.65039,25641.80078,25327.59961,25641.80078,439100,NIFTY_50,-0.011214157,-0.01169078,0.009900538,0.009023395
25-02-2026,25482.5,25652.59961,25428.19922,25512.59961,414200,NIFTY_50,0.002275335,-0.013046402,0.005514398,0.008919792
26-02-2026,25496.55078,25572.94922,25400.94922,25556.30078,405200,NIFTY_50,0.000551389,0.001657916,0.003054829,0.008897661
27-02-2026,25178.65039,25476.40039,25141.30078,25459.84961,438900,NIFTY_50,-0.012468369,-0.015353165,-0.005608071,0.009302765
02-03-2026,24865.69922,24989.34961,24603.5,24659.25,519200,NIFTY_50,-0.012429227,-0.032952234,-0.008876659,0.009493893
04-03-2026,24480.5,24602.44922,24305.40039,24388.80078,599000,NIFTY_50,-0.015491188,-0.037135236,-0.048471415,0.007902573
05-03-2026,24765.90039,24854.19922,24529.40039,24615.94922,504300,NIFTY_50,0.011658274570576665,-0.028121244,-0.039187601,0.008466898
06-03-2026,24450.44922,24700.90039,24415.75,24656.40039,433400,NIFTY_50,-0.012737319,-0.04102914,-0.046498492,0.008781069
09-03-2026,24028.05078,24078.15039,23697.80078,23868.05078,526900,NIFTY_50,-0.017275692,-0.04569743,-0.064827117,0.009321211
10-03-2026,24261.59961,24303.80078,24079.94922,24280.80078,444300,NIFTY_50,0.009719841,-0.024294495,-0.062074554,0.009511161
11-03-2026,23866.84961,24299,23834.30078,24231.84961,407400,NIFTY_50,-0.016270568,-0.025066906,-0.079748941,0.009839579
12-03-2026,23639.15039,23833.15039,23556.30078,23674.84961,501000,NIFTY_50,-0.009540397,-0.045496024,-0.089185198,0.00984246
13-03-2026,23151.09961,23492.40039,23112,23462.5,519800,NIFTY_50,-0.020645868,-0.053142157,-0.102920878,0.010476333821502683
16-03-2026,23408.80078,23502,22955.25,23116.09961,540300,NIFTY_50,0.011131271353117311,-0.025771962,-0.080966227,0.010929312800161049
17-03-2026,23581.15039,23656.80078,23346.59961,23493.19922,458800,NIFTY_50,0.007362599,-0.028046346,-0.081829228,0.010874389044763847
18-03-2026,23777.80078,23862.25,23618.44922,23632.90039,382900,NIFTY_50,0.008339304,-0.003731068,-0.075707261,0.011162655133688509
19-03-2026,23002.15039,23378.69922,22930.34961,23197.75,550100,NIFTY_50,-0.032620779,-0.026946823,-0.109111936,0.012715083
20-03-2026,23114.5,23345.15039,23067.59961,23110.15039,663300,NIFTY_50,0.004884309,-0.001580902,-0.09192337,0.012760753091792532
23-03-2026,22512.65039,22851.69922,22471.25,22824.34961,550300,NIFTY_50,-0.026037752,-0.038282627,-0.119610876,0.013404615926126804
24-03-2026,22912.40039,23057.30078,22624.19922,22878.44922,538100,NIFTY_50,0.017756683156527453,-0.028359515,-0.108917653,0.014223951421509428
25-03-2026,23306.44922,23465.34961,23063.19922,23064.40039,505400,NIFTY_50,0.01719806,-0.019823177,-0.083312893,0.015034968003677828
27-03-2026,22819.59961,23186.09961,22804.55078,23173.55078,612600,NIFTY_50,-0.020889051,-0.007936248,-0.104499181,0.015395209914586056
30-03-2026,22331.40039,22714.09961,22283.84961,22549.65039,698600,NIFTY_50,-0.021393856,-0.03387915,-0.124140336,0.015727901867284778
01-04-2026,22679.40039,22941.30078,22618.59961,22899,518000,NIFTY_50,0.015583438293735208,0.007406947,-0.099260682,0.016402792776963212
02-04-2026,22713.09961,22782.30078,22182.55078,22383.40039,495100,NIFTY_50,0.001485895,-0.008698381,-0.086569036,0.016369958
06-04-2026,22968.25,22998.34961,22542.94922,22780.30078,426400,NIFTY_50,0.011233623,-0.014510971,-0.061773657,0.016506202378209864
07-04-2026,23123.65039,23153.84961,22719.30078,22838.69922,477000,NIFTY_50,0.006765879,0.013324106752735876,-0.066310935,0.016311817815874922
08-04-2026,23997.34961,24025.15039,23828.5,23855.15039,639300,NIFTY_50,0.037783793,0.074601198,-0.018531341,0.018533579536198486
09-04-2026,23775.09961,23990.75,23682.80078,23909.05078,466600,NIFTY_50,-0.009261439,0.04831253,-0.010527328,0.018242311
10-04-2026,24050.59961,24074.05078,23856.34961,23880.55078,481300,NIFTY_50,0.011587753764504383,0.058886723,-0.008696871,0.018301377405838207
13-04-2026,23842.65039,23907.40039,23555.59961,23589.59961,488800,NIFTY_50,-0.008646322,0.038069961,-0.001013926,0.018028074855530242
15-04-2026,24231.30078,24280.90039,24145.80078,24163.80078,460300,NIFTY_50,0.016300637062472756,0.047901191,0.025049563154344145,0.018225422187271766
16-04-2026,24196.75,24400.94922,24102.80078,24385.19922,508000,NIFTY_50,-0.001425874,0.008309267,0.045166338,0.017494068738393903
17-04-2026,24353.55078,24371.90039,24096.05078,24165.90039,498600,NIFTY_50,0.006480241,0.024330126114252115,0.040358753,0.017401961788117776
20-04-2026,24364.84961,24480.65039,24241.25,24391.5,415900,NIFTY_50,0.00046395,0.013066202,0.033234139,0.017360989869137627
21-04-2026,24576.59961,24601.69922,24354.90039,24374.55078,425800,NIFTY_50,0.008690799,0.030783038241360527,0.033594311,0.017368156
22-04-2026,24378.09961,24515.94922,24352.90039,24470.84961,440500,NIFTY_50,-0.008076789,0.006058231,0.059818286,0.015583716
23-04-2026,24173.05078,24310.19922,24134.80078,24202.34961,467500,NIFTY_50,-0.00841119,-0.000979438,0.045795963,0.015782504854243255
24-04-2026,23897.94922,24206,23813.65039,24100.55078,438400,NIFTY_50,-0.011380507,-0.018707808,0.061534239820198344,0.014697487
27-04-2026,24092.69922,24130.69922,23936.19922,23945.44922,430300,NIFTY_50,0.008149235,-0.011169796,0.051513538869892406,0.014345766176972839
28-04-2026,23995.69922,24181.80078,23957.05078,24049.90039,554100,NIFTY_50,-0.004026116,-0.023636321,0.029573359439304836,0.013990605202210757
29-04-2026,24177.65039,24334.69922,24059.94922,24096.90039,531100,NIFTY_50,0.007582658,-0.008222512,0.059512472,0.013000635
30-04-2026,23997.55078,24087.44922,23796.84961,23996.94922,505500,NIFTY_50,-0.007449012,-0.007260151,0.074610206,0.011957004751525072
04-05-2026,24119.30078,24290.19922,24004.75,24063.55078,419100,NIFTY_50,0.005073434,0.009262366,0.06348935,0.011632482002756184
05-05-2026,24032.80078,24081.69922,23882.05078,24052.59961,363300,NIFTY_50,-0.003586339,-0.002486165,0.058103086,0.011725501923423523
06-05-2026,24330.94922,24356.5,23997.90039,24171,429200,NIFTY_50,0.012405896,0.013971253637736769,0.059329693,0.01177223
07-05-2026,24326.65039,24482.09961,24284,24398.5,440600,NIFTY_50,-0.000176681,0.006162716,0.052024657857988155,0.011756167438972467
08-05-2026,24176.15039,24253.80078,24126.65039,24233.65039,335900,NIFTY_50,-0.006186631,0.00744241,0.007450855,0.008488138
11-05-2026,23815.84961,23997.44922,23799.09961,23970.09961,390100,NIFTY_50,-0.014903149,-0.012581259,0.001713978,0.008909585
12-05-2026,23379.55078,23757.55078,23348.40039,23722.59961,447500,NIFTY_50,-0.018319684,-0.027181601,-0.027901543,0.009381451
13-05-2026,23412.59961,23582.94922,23262.55078,23362.44922,415400,NIFTY_50,0.001413578,-0.037744093,-0.018037038,0.00923952
14-05-2026,23689.59961,23777.19922,23426.55078,23530.25,428700,NIFTY_50,0.011831236369372666,-0.026187361,-0.022355431,0.008848151
15-05-2026,23643.5,23839.30078,23610.30078,23731.40039,408900,NIFTY_50,-0.001945985,-0.02203206,-0.022864641,0.008849947
18-05-2026,23649.94922,23695.65039,23317.09961,23482.19922,392000,NIFTY_50,0.000272769,-0.006965966,-0.028891128,0.008676578
19-05-2026,23618,23782.30078,23587.19922,23675.30078,442000,NIFTY_50,-0.001350921,0.010199050485659056,-0.030652749,0.008665222
20-05-2026,23659,23690.90039,23397.30078,23457.25,344100,NIFTY_50,0.001735964,0.010524264487329127,-0.037336313,0.008368369
21-05-2026,23654.69922,23859.90039,23596.59961,23830.05078,348200,NIFTY_50,-0.000181782,-0.001473237,-0.029674191,0.008245352
22-05-2026,23719.30078,23835.65039,23671,23671.19922,336100,NIFTY_50,0.002731024,0.003205988,-0.018770903,0.008127443
25-05-2026,24031.69922,24054.44922,23922.84961,23940.25,351200,NIFTY_50,0.013170643,0.016141683708028598,0.005596715,0.008315549
26-05-2026,23913.69922,24089.80078,23885.44922,24004.09961,387900,NIFTY_50,-0.004910181,0.012520078700567261,-0.007429637,0.008179372
27-05-2026,23907.15039,23983.19922,23858.25,23880.34961,531600,NIFTY_50,-0.000273853,0.010488625496639647,-0.003690196,0.0081333
29-05-2026,23547.75,24002.80078,23484.75,23902.15039,1198000,NIFTY_50,-0.015033176,-0.004521267,-0.026053003,0.008562004
01-06-2026,23382.59961,23733.69922,23357.94922,23654.5,421700,NIFTY_50,-0.007013426,-0.01419524,-0.025625581,0.008546036
02-06-2026,23483.55078,23556.94922,23229.15039,23229.15039,511900,NIFTY_50,0.004317363,-0.022809392,-0.026358558,0.008518161
03-06-2026,23405.59961,23459.65039,23151.5,23415.94922,450100,NIFTY_50,-0.003319395,-0.021247219,-0.026097714,0.008514599
04-06-2026,23416.55078,23465.30078,23247.30078,23282.44922,412500,NIFTY_50,0.000467887,-0.020521041,-0.0375817,0.007900473
05-06-2026,23366.69922,23516.34961,23282.65039,23478.94922,366200,NIFTY_50,-0.002128903,-0.007688666,-0.039460886,0.007890326
08-06-2026,23123,23267.30078,23070.15039,23080.69922,375700,NIFTY_50,-0.010429339,-0.011102256,-0.043561542,0.008064451
